Loan_ID,Gender,Married,Dependents,Education,Self_Employed,ApplicantIncome,CoapplicantIncome,LoanAmount,Loan_Amount_Term,Credit_History,Property_Area,Loan_Status,ApplicantIncome_Z_score,CoapplicantIncome_Z_score,LoanAmount_Z_score
LP001003,Male,Yes,1,Graduate,No,4583,1508.0,128.0,360.0,1.0,Rural,N,-0.13430245319192854,-0.03869999526291909,-0.21512720617749773
LP001005,Male,Yes,0,Graduate,Yes,3000,0.0,66.0,360.0,1.0,Urban,Y,-0.3934265653904136,-0.5540356092387769,-0.9395335342085874
LP001006,Male,Yes,0,Not Graduate,No,2583,2358.0,120.0,360.0,1.0,Urban,Y,-0.4616860440933626,0.2517743229595472,-0.30859899043957384
LP001008,Male,No,0,Graduate,No,6000,0.0,141.0,360.0,1.0,Urban,Y,0.09764882096173749,-0.5540356092387769,-0.0632355567516241
LP001011,Male,Yes,2,Graduate,Yes,5417,4196.0,267.0,360.0,1.0,Urban,Y,0.002216504213969467,0.8798823193041272,1.4089450453760743
LP001013,Male,Yes,0,Not Graduate,No,2333,1516.0,95.0,360.0,1.0,Urban,Y,-0.5026089929560419,-0.035966119326707645,-0.6006983162585616
LP001014,Male,Yes,3+,Graduate,No,3036,2504.0,158.0,360.0,0.0,Semiurban,N,-0.38753366075418777,0.30166755879540613,0.13539198480528758
LP001018,Male,Yes,2,Graduate,No,4006,1526.0,168.0,360.0,1.0,Urban,Y,-0.22875261916699227,-0.03254877440644333,0.2522317151328827
LP001020,Male,Yes,1,Graduate,No,12841,10968.0,349.0,360.0,1.0,Semiurban,N,1.2174643936400926,3.1941082993071177,2.367030834062354
LP001024,Male,Yes,2,Graduate,No,3200,700.0,70.0,360.0,1.0,Urban,Y,-0.3606882063002702,-0.3148214648202753,-0.8927976420775493
LP001027,Male,Yes,2,Graduate,,2500,1840.0,109.0,360.0,1.0,Urban,Y,-0.4752724631157721,0.07475585608985598,-0.43712269379992846
LP001028,Male,Yes,2,Graduate,No,3073,8106.0,200.0,360.0,1.0,Urban,Y,-0.3814770643225113,2.216064183127472,0.626118852181187
LP001029,Male,No,0,Graduate,No,1853,2840.0,114.0,360.0,1.0,Rural,N,-0.581181054772386,0.41649034811628693,-0.37870282863613086
LP001030,Male,Yes,2,Graduate,No,1299,1086.0,17.0,120.0,1.0,Urban,Y,-0.6718663094520833,-0.18291195089807294,-1.5120482128138033
LP001032,Male,No,0,Graduate,No,4950,0.0,125.0,360.0,1.0,Urban,Y,-0.07422756426151539,-0.5540356092387769,-0.2501791252757763
LP001034,Male,No,1,Not Graduate,No,3596,0.0,100.0,240.0,,Urban,Y,-0.29586625530178623,-0.5540356092387769,-0.542278451094764
LP001036,Female,No,0,Graduate,No,3510,0.0,76.0,360.0,0.0,Urban,N,-0.3099437497105479,-0.5540356092387769,-0.8226938038809923
LP001038,Male,Yes,0,Not Graduate,No,4887,0.0,133.0,360.0,1.0,Rural,N,-0.08454014737491056,-0.5540356092387769,-0.15670734101370018
LP001041,Male,Yes,0,Graduate,,2600,3500.0,115.0,,1.0,Urban,Y,-0.4589032835707004,0.6420351128537314,-0.3670188556033714
LP001043,Male,Yes,0,Not Graduate,No,7660,0.0,104.0,360.0,0.0,Urban,N,0.36937720140992775,-0.5540356092387769,-0.495542558963726
LP001046,Male,Yes,1,Graduate,No,5955,5625.0,315.0,360.0,1.0,Urban,Y,0.09028269016645522,1.368220908409897,1.9697757509485307
LP001047,Male,Yes,0,Not Graduate,No,2600,1911.0,116.0,360.0,0.0,Semiurban,N,-0.4589032835707004,0.09901900502373258,-0.35533488257061185
LP001050,,Yes,2,Not Graduate,No,3365,1917.0,112.0,360.0,0.0,Rural,N,-0.33367906005090187,0.10106941197589116,-0.4020707747016499
LP001052,Male,Yes,1,Graduate,,3717,2925.0,151.0,360.0,,Semiurban,N,-0.27605954805224947,0.44553777993853355,0.053604173575971005
LP001066,Male,Yes,0,Graduate,Yes,9560,0.0,191.0,360.0,1.0,Semiurban,Y,0.6803916127662901,-0.5540356092387769,0.5209630948863514
LP001068,Male,Yes,0,Graduate,No,2799,2253.0,122.0,360.0,1.0,Semiurban,Y,-0.4263286162760077,0.21589220129677195,-0.2852310443740548
LP001073,Male,Yes,2,Not Graduate,No,4226,1040.0,110.0,360.0,1.0,Urban,Y,-0.19274042416783452,-0.19863173753128877,-0.42543872076716893
LP001086,Male,No,0,Not Graduate,No,1442,0.0,35.0,360.0,1.0,Urban,N,-0.6484583827026307,-0.5540356092387769,-1.3017366982241323
LP001087,Female,No,2,Graduate,,3750,2083.0,120.0,360.0,1.0,Semiurban,Y,-0.2706577188023758,0.15779733765227869,-0.30859899043957384
LP001091,Male,Yes,1,Graduate,,4166,3369.0,201.0,360.0,,Urban,N,-0.20256193189487753,0.5972678943982689,0.6378028252139465
LP001095,Male,No,0,Graduate,No,3167,0.0,74.0,360.0,1.0,Urban,N,-0.36609003555014386,-0.5540356092387769,-0.8460617499465113
LP001097,Male,No,1,Graduate,Yes,4692,0.0,106.0,360.0,1.0,Rural,N,-0.11646004748780038,-0.5540356092387769,-0.47217461289820695
LP001098,Male,Yes,0,Graduate,No,3500,1667.0,114.0,360.0,1.0,Semiurban,Y,-0.3115806676650551,0.015635788969283426,-0.37870282863613086
LP001100,Male,No,3+,Graduate,No,12500,3000.0,320.0,360.0,1.0,Rural,N,1.1616454913913983,0.47116786684051587,2.0281956161123285
LP001109,Male,Yes,0,Graduate,No,1828,1330.0,100.0,,0.0,Urban,N,-0.585273349658654,-0.0995287348436238,-0.542278451094764
LP001112,Female,Yes,0,Graduate,No,3667,1459.0,144.0,360.0,1.0,Semiurban,Y,-0.28424413782478536,-0.055444985372214206,-0.028183637653345566
LP001114,Male,No,0,Graduate,No,4166,7210.0,184.0,360.0,1.0,Urban,Y,-0.20256193189487753,1.9098700782717901,0.43917528365703484
LP001116,Male,No,0,Not Graduate,No,3748,1668.0,110.0,360.0,1.0,Semiurban,Y,-0.2709851023932773,0.01597752346130986,-0.42543872076716893
LP001119,Male,No,0,Graduate,No,3600,0.0,80.0,360.0,1.0,Urban,N,-0.2952114881199834,-0.5540356092387769,-0.7759579117499542
LP001120,Male,No,0,Graduate,No,1800,1213.0,47.0,360.0,1.0,Urban,Y,-0.589856719931274,-0.13951167041071622,-1.1615290218310181
LP001123,Male,Yes,0,Graduate,No,2400,0.0,75.0,360.0,,Urban,Y,-0.4916416426608438,-0.5540356092387769,-0.8343777769137518
LP001131,Male,Yes,0,Graduate,No,3941,2336.0,134.0,360.0,1.0,Semiurban,Y,-0.23939258587128887,0.24425616413496573,-0.14502336798094068
LP001136,Male,Yes,0,Not Graduate,Yes,4695,0.0,96.0,,1.0,Urban,Y,-0.11596897210144823,-0.5540356092387769,-0.589014343225802
LP001137,Female,No,0,Graduate,No,3410,0.0,88.0,,1.0,Urban,Y,-0.3263129292556196,-0.5540356092387769,-0.6824861274878782
LP001138,Male,Yes,1,Graduate,No,5649,0.0,44.0,360.0,1.0,Urban,Y,0.04019300075853582,-0.5540356092387769,-1.1965809409292967
LP001144,Male,Yes,0,Graduate,No,5821,0.0,144.0,360.0,1.0,Urban,Y,0.06834798957605914,-0.5540356092387769,-0.028183637653345566
LP001146,Female,Yes,0,Graduate,No,2645,3440.0,120.0,360.0,0.0,Urban,N,-0.4515371527754181,0.6215310433321455,-0.30859899043957384
LP001151,Female,No,0,Graduate,No,4000,2275.0,144.0,360.0,1.0,Semiurban,Y,-0.22973476993969655,0.22341036012135343,-0.028183637653345566
LP001155,Female,Yes,0,Not Graduate,No,1928,1644.0,100.0,360.0,1.0,Semiurban,Y,-0.5689041701135823,0.007775895652675515,-0.542278451094764
LP001157,Female,No,0,Graduate,No,3086,0.0,120.0,360.0,1.0,Semiurban,Y,-0.37934907098165194,-0.5540356092387769,-0.30859899043957384
LP001164,Female,No,0,Graduate,No,4230,0.0,112.0,360.0,1.0,Semiurban,N,-0.19208565698603164,-0.5540356092387769,-0.4020707747016499
LP001179,Male,Yes,2,Graduate,No,4616,0.0,134.0,360.0,1.0,Urban,N,-0.12890062394205487,-0.5540356092387769,-0.14502336798094068
LP001186,Female,Yes,1,Graduate,Yes,11500,0.0,286.0,360.0,0.0,Urban,N,0.9979536959406812,-0.5540356092387769,1.630940532998505
LP001194,Male,Yes,2,Graduate,No,2708,1167.0,97.0,360.0,1.0,Semiurban,Y,-0.44122456966202295,-0.15523145704393204,-0.5773303701930426
LP001195,Male,Yes,0,Graduate,No,2132,1591.0,96.0,360.0,1.0,Semiurban,Y,-0.535511043841636,-0.010336032424725325,-0.589014343225802
LP001197,Male,Yes,0,Graduate,No,3366,2200.0,135.0,360.0,1.0,Rural,N,-0.33351536825545114,0.1977802732193711,-0.13333939494818117
LP001198,Male,Yes,1,Graduate,No,8080,2250.0,180.0,360.0,1.0,Urban,Y,0.4381277554992289,0.21486699782069266,0.39243939152599683
LP001199,Male,Yes,2,Not Graduate,No,3357,2859.0,144.0,360.0,1.0,Urban,Y,-0.3349885944145076,0.42298330346478913,-0.028183637653345566
LP001205,Male,Yes,0,Graduate,No,2500,3796.0,120.0,360.0,1.0,Urban,Y,-0.4752724631157721,0.7431885224935548,-0.30859899043957384
LP001206,Male,Yes,3+,Graduate,No,3029,0.0,99.0,360.0,1.0,Urban,Y,-0.3886795033223428,-0.5540356092387769,-0.5539624241275235
LP001207,Male,Yes,0,Not Graduate,Yes,2609,3449.0,165.0,180.0,0.0,Rural,N,-0.45743005741164394,0.6246066537603834,0.21717979603460416
LP001222,Female,No,0,Graduate,No,4166,0.0,116.0,360.0,0.0,Semiurban,N,-0.20256193189487753,-0.5540356092387769,-0.35533488257061185
LP001225,Male,Yes,0,Graduate,No,5726,4595.0,258.0,360.0,1.0,Semiurban,N,0.05279726900824103,1.016234381622673,1.3037892880812387
LP001228,Male,No,0,Not Graduate,No,3200,2254.0,126.0,180.0,0.0,Urban,N,-0.3606882063002702,0.21623393578879838,-0.23849515224301676
LP001233,Male,Yes,1,Graduate,No,10750,0.0,312.0,360.0,1.0,Urban,Y,0.8751848493526434,-0.5540356092387769,1.9347238318502522
LP001238,Male,Yes,3+,Not Graduate,Yes,7100,0.0,125.0,60.0,1.0,Urban,Y,0.2777097959575262,-0.5540356092387769,-0.2501791252757763
LP001241,Female,No,0,Graduate,No,4300,0.0,136.0,360.0,0.0,Semiurban,N,-0.18062723130448147,-0.5540356092387769,-0.12165542191542165
LP001243,Male,Yes,0,Graduate,No,3208,3066.0,172.0,360.0,1.0,Urban,Y,-0.35937867193666445,0.4937223433142603,0.29896760726392074
LP001245,Male,Yes,2,Not Graduate,Yes,1875,1875.0,97.0,360.0,1.0,Semiurban,Y,-0.5775798352724703,0.08671656331078106,-0.5773303701930426
LP001248,Male,No,0,Graduate,No,3500,0.0,81.0,300.0,1.0,Semiurban,Y,-0.3115806676650551,-0.5540356092387769,-0.7642739387171947
LP001250,Male,Yes,3+,Not Graduate,No,4755,0.0,95.0,,0.0,Semiurban,N,-0.10614746437440521,-0.5540356092387769,-0.6006983162585616
LP001253,Male,Yes,3+,Graduate,Yes,5266,1774.0,187.0,360.0,1.0,Semiurban,Y,-0.022500956899088806,0.052201379616111536,0.4742272027553134
LP001255,Male,No,0,Graduate,No,3750,0.0,113.0,480.0,1.0,Urban,N,-0.2706577188023758,-0.5540356092387769,-0.3903868016688904
LP001256,Male,No,0,Graduate,No,3750,4750.0,176.0,360.0,1.0,Urban,N,-0.2706577188023758,1.06920322788677,0.34570349939495876
LP001259,Male,Yes,1,Graduate,Yes,1000,3022.0,110.0,360.0,1.0,Urban,N,-0.7208101562918476,0.4786860256650973,-0.42543872076716893
LP001263,Male,Yes,3+,Graduate,No,3167,4000.0,180.0,300.0,0.0,Semiurban,N,-0.36609003555014386,0.8129023588669467,0.39243939152599683
LP001264,Male,Yes,3+,Not Graduate,Yes,3333,2166.0,130.0,360.0,,Semiurban,Y,-0.33891719750532484,0.18616130049047247,-0.19175926011197872
LP001265,Female,No,0,Graduate,No,3846,0.0,111.0,360.0,1.0,Semiurban,Y,-0.254943306439107,-0.5540356092387769,-0.4137547477344094
LP001267,Female,Yes,2,Graduate,No,1378,1881.0,167.0,360.0,1.0,Urban,N,-0.6589346576114766,0.08876697026293964,0.24054774210012317
LP001273,Male,Yes,0,Graduate,No,6000,2250.0,265.0,360.0,,Semiurban,N,0.09764882096173749,0.21486699782069266,1.3855770993105552
LP001275,Male,Yes,1,Graduate,No,3988,0.0,50.0,240.0,1.0,Urban,Y,-0.23169907148510516,-0.5540356092387769,-1.1264771027327396
LP001279,Male,No,0,Graduate,No,2366,2531.0,136.0,360.0,1.0,Semiurban,Y,-0.4972071637061682,0.31089439008011976,-0.12165542191542165
LP001280,Male,Yes,2,Not Graduate,No,3333,2000.0,99.0,360.0,,Semiurban,Y,-0.33891719750532484,0.12943337481408493,-0.5539624241275235
LP001282,Male,Yes,0,Graduate,No,2500,2118.0,104.0,360.0,1.0,Semiurban,Y,-0.4752724631157721,0.16975804487320378,-0.495542558963726
LP001289,Male,No,0,Graduate,No,8566,0.0,210.0,360.0,1.0,Urban,Y,0.5176819680882774,-0.5540356092387769,0.7429585825087821
LP001310,Male,Yes,0,Graduate,No,5695,4167.0,175.0,360.0,1.0,Semiurban,Y,0.0477228233492688,0.8699720190353607,0.3340195263621993
LP001316,Male,Yes,0,Graduate,No,2958,2900.0,131.0,360.0,1.0,Semiurban,Y,-0.4003016207993437,0.4369944176378728,-0.18007528707921922
LP001318,Male,Yes,2,Graduate,No,6250,5654.0,188.0,180.0,1.0,Semiurban,Y,0.13857176982441674,1.3781312086786635,0.4859111757880729
LP001319,Male,Yes,2,Not Graduate,No,3273,1820.0,81.0,360.0,1.0,Urban,Y,-0.34873870523236783,0.06792116624932736,-0.7642739387171947
LP001322,Male,No,0,Graduate,No,4133,0.0,122.0,360.0,1.0,Semiurban,Y,-0.2079637611447512,-0.5540356092387769,-0.2852310443740548
LP001325,Male,No,0,Not Graduate,No,3620,0.0,25.0,120.0,1.0,Semiurban,Y,-0.291937652210969,-0.5540356092387769,-1.4185764285517273
LP001327,Female,Yes,0,Graduate,No,2484,2302.0,137.0,360.0,1.0,Semiurban,Y,-0.47789153184298355,0.23263719140606706,-0.10997144888266214
LP001333,Male,Yes,0,Graduate,No,1977,997.0,50.0,360.0,1.0,Semiurban,Y,-0.5608832721364971,-0.2133263206884253,-1.1264771027327396
LP001334,Male,Yes,0,Not Graduate,No,4188,0.0,115.0,180.0,1.0,Semiurban,Y,-0.19896071239496177,-0.5540356092387769,-0.3670188556033714
LP001343,Male,Yes,0,Graduate,No,1759,3541.0,131.0,360.0,1.0,Semiurban,Y,-0.5965680835447534,0.656046227026815,-0.18007528707921922
LP001345,Male,Yes,2,Not Graduate,No,4288,3263.0,133.0,180.0,1.0,Urban,Y,-0.18259153284989005,0.5610440382434672,-0.15670734101370018
LP001349,Male,No,0,Graduate,No,4843,3806.0,151.0,360.0,1.0,Semiurban,Y,-0.09174258637474211,0.7466058674138192,0.053604173575971005
LP001357,Male,,,Graduate,No,3816,754.0,160.0,360.0,1.0,Urban,Y,-0.2598540603026285,-0.296367802250848,0.15875993087080661
LP001367,Male,Yes,1,Graduate,No,3052,1030.0,100.0,360.0,1.0,Urban,Y,-0.3849145920269763,-0.2020490824515531,-0.542278451094764
LP001369,Male,Yes,2,Graduate,No,11417,1126.0,225.0,360.0,1.0,Urban,Y,0.9843672769182716,-0.16924257121701572,0.9182181780001748
LP001370,Male,No,0,Not Graduate,,7333,0.0,120.0,360.0,1.0,Rural,N,0.3158499842975433,-0.5540356092387769,-0.30859899043957384
LP001379,Male,Yes,2,Graduate,No,3800,3600.0,216.0,360.0,0.0,Urban,N,-0.26247312902984,0.6762085620563745,0.8130624207053392
LP001384,Male,Yes,3+,Not Graduate,No,2071,754.0,94.0,480.0,1.0,Semiurban,Y,-0.5454962433641297,-0.296367802250848,-0.6123822892913211
LP001385,Male,No,0,Graduate,No,5316,0.0,136.0,360.0,1.0,Urban,Y,-0.014316367126552952,-0.5540356092387769,-0.12165542191542165
LP001387,Female,Yes,0,Graduate,,2929,2333.0,139.0,360.0,1.0,Semiurban,Y,-0.4050486828674145,0.24323096065888644,-0.08660350281714312
LP001391,Male,Yes,0,Not Graduate,No,3572,4114.0,152.0,,0.0,Rural,N,-0.29979485839260345,0.8518600909579599,0.06528814660873052
LP001398,Male,No,0,Graduate,,5050,0.0,118.0,360.0,1.0,Semiurban,Y,-0.05785838471644368,-0.5540356092387769,-0.33196693650509285
LP001401,Male,Yes,1,Graduate,No,14583,0.0,185.0,180.0,1.0,Rural,Y,1.5026155013152416,-0.5540356092387769,0.4508592566897944
LP001404,Female,Yes,0,Graduate,No,3167,2283.0,154.0,360.0,1.0,Semiurban,Y,-0.36609003555014386,0.2261442360575649,0.08865609267424954
LP001405,Male,Yes,1,Graduate,No,2214,1398.0,85.0,360.0,,Urban,Y,-0.5220883166146771,-0.0762907893858265,-0.7175380465861567
LP001421,Male,Yes,0,Graduate,No,5568,2142.0,175.0,360.0,1.0,Rural,N,0.02693396532702774,0.17795967268183813,0.3340195263621993
LP001422,Female,No,0,Graduate,No,10408,0.0,259.0,360.0,1.0,Urban,Y,0.8192022553084981,-0.5540356092387769,1.315473261113998
LP001426,Male,Yes,,Graduate,No,5667,2667.0,180.0,360.0,1.0,Rural,Y,0.04313945307664872,0.3573702809957144,0.39243939152599683
LP001430,Female,No,0,Graduate,No,4166,0.0,44.0,360.0,1.0,Semiurban,Y,-0.20256193189487753,-0.5540356092387769,-1.1965809409292967
LP001431,Female,No,0,Graduate,No,2137,8980.0,137.0,360.0,0.0,Semiurban,Y,-0.5346925848643824,2.514740129158573,-0.10997144888266214
LP001432,Male,Yes,2,Graduate,No,2957,0.0,81.0,360.0,1.0,Semiurban,Y,-0.4004653125947944,-0.5540356092387769,-0.7642739387171947
LP001439,Male,Yes,0,Not Graduate,No,4300,2014.0,194.0,360.0,1.0,Rural,Y,-0.18062723130448147,0.13421765770245497,0.5560150139846299
LP001443,Female,No,0,Graduate,No,3692,0.0,93.0,360.0,,Rural,Y,-0.2801518429385174,-0.5540356092387769,-0.6240662623240806
LP001448,,Yes,3+,Graduate,No,23803,0.0,370.0,360.0,1.0,Rural,Y,3.0118538553708527,-0.5540356092387769,2.612394267750304
LP001451,Male,Yes,1,Graduate,Yes,10513,3850.0,160.0,180.0,0.0,Urban,N,0.8363898938308234,0.7616421850629821,0.15875993087080661
LP001465,Male,Yes,0,Graduate,No,6080,2569.0,182.0,360.0,,Rural,N,0.11074416459779486,0.32388030077712415,0.41580733759151584
LP001469,Male,No,0,Graduate,Yes,20166,0.0,650.0,480.0,,Urban,Y,2.416506795316595,-0.5540356092387769,5.883906716922967
LP001473,Male,No,0,Graduate,No,2014,1929.0,74.0,360.0,1.0,Urban,Y,-0.5548266757048206,0.10517022588020833,-0.8460617499465113
LP001478,Male,No,0,Graduate,No,2718,0.0,70.0,360.0,1.0,Semiurban,Y,-0.4395876517075158,-0.5540356092387769,-0.8927976420775493
LP001482,Male,Yes,0,Graduate,Yes,3459,0.0,25.0,120.0,1.0,Semiurban,Y,-0.31829203127853445,-0.5540356092387769,-1.4185764285517273
LP001487,Male,No,0,Graduate,No,4895,0.0,102.0,360.0,1.0,Semiurban,Y,-0.08323061301130483,-0.5540356092387769,-0.518910505029245
LP001488,Male,Yes,3+,Graduate,No,4000,7750.0,290.0,360.0,1.0,Semiurban,N,-0.22973476993969655,2.0944067039660625,1.677676425129543
LP001489,Female,Yes,0,Graduate,No,4583,0.0,84.0,360.0,1.0,Rural,N,-0.13430245319192854,-0.5540356092387769,-0.7292220196189162
LP001491,Male,Yes,2,Graduate,Yes,3316,3500.0,88.0,360.0,1.0,Urban,Y,-0.341699958027987,0.6420351128537314,-0.6824861274878782
LP001492,Male,No,0,Graduate,No,14999,0.0,242.0,360.0,0.0,Semiurban,N,1.5707112882227399,-0.5540356092387769,1.1168457195570864
LP001493,Male,Yes,2,Not Graduate,No,4200,1430.0,129.0,360.0,1.0,Rural,N,-0.19699641084955316,-0.06535528564098071,-0.20344323314473822
LP001497,Male,Yes,2,Graduate,No,5042,2083.0,185.0,360.0,1.0,Rural,N,-0.05916791908004942,0.15779733765227869,0.4508592566897944
LP001498,Male,No,0,Graduate,No,5417,0.0,168.0,360.0,1.0,Urban,Y,0.002216504213969467,-0.5540356092387769,0.2522317151328827
LP001504,Male,No,0,Graduate,Yes,6950,0.0,175.0,180.0,1.0,Semiurban,Y,0.25315602663991865,-0.5540356092387769,0.3340195263621993
LP001507,Male,Yes,0,Graduate,No,2698,2034.0,122.0,360.0,1.0,Semiurban,Y,-0.44286148761653016,0.14105234754298357,-0.2852310443740548
LP001508,Male,Yes,2,Graduate,No,11757,0.0,187.0,180.0,1.0,Urban,Y,1.0400224873715154,-0.5540356092387769,0.4742272027553134
LP001514,Female,Yes,0,Graduate,No,2330,4486.0,100.0,360.0,1.0,Semiurban,Y,-0.503100068342394,0.9789853219917922,-0.542278451094764
LP001516,Female,Yes,2,Graduate,No,14866,0.0,70.0,360.0,1.0,Urban,Y,1.5489402794277944,-0.5540356092387769,-0.8927976420775493
LP001518,Male,Yes,1,Graduate,No,1538,1425.0,30.0,360.0,1.0,Urban,Y,-0.6327439703393619,-0.06706395810111286,-1.3601565633879298
LP001519,Female,No,0,Graduate,No,10000,1666.0,225.0,360.0,1.0,Rural,N,0.7524160027646056,0.015294054477256996,0.9182181780001748
LP001520,Male,Yes,0,Graduate,No,4860,830.0,125.0,360.0,1.0,Semiurban,Y,-0.08895982585207991,-0.27039598085683925,-0.2501791252757763
LP001528,Male,No,0,Graduate,No,6277,0.0,118.0,360.0,0.0,Rural,N,0.1429914483015861,-0.5540356092387769,-0.33196693650509285
LP001529,Male,Yes,0,Graduate,Yes,2577,3750.0,152.0,360.0,1.0,Rural,Y,-0.4626681948660669,0.727468735860339,0.06528814660873052
LP001531,Male,No,0,Graduate,No,9166,0.0,244.0,360.0,1.0,Urban,N,0.6158970453587076,-0.5540356092387769,1.1402136656226054
LP001532,Male,Yes,2,Not Graduate,No,2281,0.0,113.0,360.0,1.0,Rural,N,-0.5111209663194791,-0.5540356092387769,-0.3903868016688904
LP001535,Male,No,0,Graduate,No,3254,0.0,50.0,360.0,1.0,Urban,Y,-0.35184884934593147,-0.5540356092387769,-1.1264771027327396
LP001536,Male,Yes,3+,Graduate,No,39999,0.0,600.0,180.0,0.0,Semiurban,Y,5.663006174490666,-0.5540356092387769,5.299708065284991
LP001541,Male,Yes,1,Graduate,No,6000,0.0,160.0,360.0,,Rural,Y,0.09764882096173749,-0.5540356092387769,0.15875993087080661
LP001543,Male,Yes,1,Graduate,No,9538,0.0,187.0,360.0,1.0,Urban,Y,0.6767903932663744,-0.5540356092387769,0.4742272027553134
LP001546,Male,No,0,Graduate,,2980,2083.0,120.0,360.0,1.0,Rural,Y,-0.3967004012994279,0.15779733765227869,-0.30859899043957384
LP001552,Male,Yes,0,Graduate,No,4583,5625.0,255.0,360.0,1.0,Semiurban,Y,-0.13430245319192854,1.368220908409897,1.2687373689829602
LP001560,Male,Yes,0,Not Graduate,No,1863,1041.0,98.0,360.0,1.0,Semiurban,Y,-0.5795441368178789,-0.19829000303926234,-0.5656463971602831
LP001562,Male,Yes,0,Graduate,No,7933,0.0,275.0,360.0,1.0,Urban,N,0.4140650615679735,-0.5540356092387769,1.5024168296381504
LP001565,Male,Yes,1,Graduate,No,3089,1280.0,121.0,360.0,0.0,Semiurban,N,-0.37885799559529976,-0.11661545944494535,-0.2969150174068143
LP001570,Male,Yes,2,Graduate,No,4167,1447.0,158.0,360.0,1.0,Rural,Y,-0.2023982400994268,-0.05954579927653138,0.13539198480528758
LP001572,Male,Yes,0,Graduate,No,9323,0.0,75.0,180.0,1.0,Urban,Y,0.6415966572444701,-0.5540356092387769,-0.8343777769137518
LP001574,Male,Yes,0,Graduate,No,3707,3166.0,182.0,,1.0,Rural,Y,-0.2776964660067566,0.5278957925169034,0.41580733759151584
LP001577,Female,Yes,0,Graduate,No,4583,0.0,112.0,360.0,1.0,Rural,N,-0.13430245319192854,-0.5540356092387769,-0.4020707747016499
LP001578,Male,Yes,0,Graduate,No,2439,3333.0,129.0,360.0,1.0,Rural,Y,-0.48525766263826586,0.5849654526853174,-0.20344323314473822
LP001579,Male,No,0,Graduate,No,2237,0.0,63.0,480.0,0.0,Semiurban,N,-0.5183234053193106,-0.5540356092387769,-0.974585453306866
LP001580,Male,Yes,2,Graduate,No,8000,0.0,200.0,360.0,1.0,Semiurban,Y,0.42503241186317153,-0.5540356092387769,0.626118852181187
LP001581,Male,Yes,0,Not Graduate,,1820,1769.0,95.0,360.0,1.0,Rural,Y,-0.5865828840222597,0.05049270715597938,-0.6006983162585616
LP001585,,Yes,3+,Graduate,No,51763,0.0,700.0,300.0,1.0,Urban,Y,7.588676456172901,-0.5540356092387769,6.468105368560942
LP001586,Male,Yes,3+,Not Graduate,No,3522,0.0,81.0,180.0,1.0,Rural,N,-0.3079794481651393,-0.5540356092387769,-0.7642739387171947
LP001594,Male,Yes,0,Graduate,No,5708,5625.0,187.0,360.0,1.0,Semiurban,Y,0.04985081669012812,1.368220908409897,0.4742272027553134
LP001603,Male,Yes,0,Not Graduate,Yes,4344,736.0,87.0,360.0,1.0,Semiurban,N,-0.1734247923046499,-0.30251902310732376,-0.6941701005206377
LP001606,Male,Yes,0,Graduate,No,3497,1964.0,116.0,360.0,1.0,Rural,Y,-0.3120717430514072,0.11713093310113341,-0.35533488257061185
LP001608,Male,Yes,2,Graduate,No,2045,1619.0,101.0,360.0,1.0,Rural,Y,-0.5497522300458484,-0.0007674666479852589,-0.5305944780620045
LP001610,Male,Yes,3+,Graduate,No,5516,11300.0,495.0,360.0,0.0,Semiurban,N,0.018421991963590453,3.3075641506598927,4.072890896845243
LP001616,Male,Yes,1,Graduate,No,3750,0.0,116.0,360.0,1.0,Semiurban,Y,-0.2706577188023758,-0.5540356092387769,-0.35533488257061185
LP001630,Male,No,0,Not Graduate,No,2333,1451.0,102.0,480.0,0.0,Urban,N,-0.5026089929560419,-0.05817886130842566,-0.518910505029245
LP001633,Male,Yes,1,Graduate,No,6400,7250.0,180.0,360.0,0.0,Urban,N,0.1631255391420243,1.9235394579528473,0.39243939152599683
LP001634,Male,No,0,Graduate,No,1916,5063.0,67.0,360.0,,Rural,N,-0.5708684716589908,1.1761661238910428,-0.9278495611758278
LP001636,Male,Yes,0,Graduate,No,4600,0.0,73.0,180.0,1.0,Semiurban,Y,-0.13151969266926636,-0.5540356092387769,-0.8577457229792709
LP001637,Male,Yes,1,Graduate,No,33846,0.0,260.0,360.0,1.0,Semiurban,N,4.655810557082404,-0.5540356092387769,1.3271572341467577
LP001639,Female,Yes,0,Graduate,No,3625,0.0,108.0,360.0,1.0,Semiurban,Y,-0.29111919323371543,-0.5540356092387769,-0.44880666683268794
LP001640,Male,Yes,0,Graduate,Yes,39147,4750.0,120.0,360.0,1.0,Semiurban,Y,5.523540764766655,1.06920322788677,-0.30859899043957384
LP001641,Male,Yes,1,Graduate,Yes,2178,0.0,66.0,300.0,0.0,Rural,N,-0.527981221250903,-0.5540356092387769,-0.9395335342085874
LP001643,Male,Yes,0,Graduate,No,2383,2138.0,58.0,360.0,,Rural,Y,-0.494424403183506,0.1765927347137324,-1.0330053184706636
LP001644,,Yes,0,Graduate,Yes,674,5296.0,168.0,360.0,1.0,Rural,Y,-0.7741736816087814,1.2557902605332012,0.2522317151328827
LP001647,Male,Yes,0,Graduate,No,9328,0.0,188.0,180.0,1.0,Rural,Y,0.6424151162217238,-0.5540356092387769,0.4859111757880729
LP001653,Male,No,0,Not Graduate,No,4885,0.0,48.0,360.0,1.0,Rural,Y,-0.084867530965812,-0.5540356092387769,-1.1498450487982586
LP001656,Male,No,0,Graduate,No,12000,0.0,164.0,360.0,1.0,Semiurban,N,1.0797995936660396,-0.5540356092387769,0.20549582300184466
LP001657,Male,Yes,0,Not Graduate,No,6033,0.0,160.0,360.0,1.0,Urban,N,0.10305065021161115,-0.5540356092387769,0.15875993087080661
LP001658,Male,No,0,Graduate,No,3858,0.0,76.0,360.0,1.0,Semiurban,Y,-0.2529790048936984,-0.5540356092387769,-0.8226938038809923
LP001664,Male,No,0,Graduate,No,4191,0.0,120.0,360.0,1.0,Rural,Y,-0.19846963700860962,-0.5540356092387769,-0.30859899043957384
LP001665,Male,Yes,1,Graduate,No,3125,2583.0,170.0,360.0,1.0,Semiurban,N,-0.372965090959074,0.32866458366549417,0.27559966119840174
LP001666,Male,No,0,Graduate,No,8333,3750.0,187.0,360.0,1.0,Rural,Y,0.47954177974826034,0.727468735860339,0.4742272027553134
LP001669,Female,No,0,Not Graduate,No,1907,2365.0,120.0,,1.0,Urban,Y,-0.5723416978180473,0.2541664644037322,-0.30859899043957384
LP001671,Female,Yes,0,Graduate,No,3416,2816.0,113.0,360.0,,Semiurban,Y,-0.3253307784829153,0.40828872030765256,-0.3903868016688904
LP001673,Male,No,0,Graduate,Yes,11000,0.0,83.0,360.0,1.0,Urban,N,0.9161077982153226,-0.5540356092387769,-0.7409059926516757
LP001674,Male,Yes,1,Not Graduate,No,2600,2500.0,90.0,360.0,1.0,Semiurban,Y,-0.4589032835707004,0.3003006208273004,-0.6591181814223591
LP001677,Male,No,2,Graduate,No,4923,0.0,166.0,360.0,0.0,Semiurban,Y,-0.07864724273868474,-0.5540356092387769,0.22886376906736366
LP001688,Male,Yes,1,Not Graduate,No,3500,1083.0,135.0,360.0,1.0,Urban,Y,-0.3115806676650551,-0.18393715437415226,-0.13333939494818117
LP001691,Male,Yes,2,Not Graduate,No,3917,0.0,124.0,360.0,1.0,Semiurban,Y,-0.24332118896210608,-0.5540356092387769,-0.26186309830853577
LP001692,Female,No,0,Not Graduate,No,4408,0.0,120.0,360.0,1.0,Semiurban,Y,-0.16294851739580402,-0.5540356092387769,-0.30859899043957384
LP001693,Female,No,0,Graduate,No,3244,0.0,80.0,360.0,1.0,Urban,Y,-0.3534857673004386,-0.5540356092387769,-0.7759579117499542
LP001698,Male,No,0,Not Graduate,No,3975,2531.0,55.0,360.0,1.0,Rural,Y,-0.2338270648259645,0.31089439008011976,-1.068057237568942
LP001699,Male,No,0,Graduate,No,2479,0.0,59.0,360.0,1.0,Urban,Y,-0.4787099908202372,-0.5540356092387769,-1.021321345437904
LP001702,Male,No,0,Graduate,No,3418,0.0,127.0,360.0,1.0,Semiurban,N,-0.32500339489201385,-0.5540356092387769,-0.22681117921025726
LP001708,Female,No,0,Graduate,No,10000,0.0,214.0,360.0,1.0,Semiurban,N,0.7524160027646056,-0.5540356092387769,0.7896944746398201
LP001711,Male,Yes,3+,Graduate,No,3430,1250.0,128.0,360.0,0.0,Semiurban,N,-0.32303909334660524,-0.12686749420573828,-0.21512720617749773
LP001713,Male,Yes,1,Graduate,Yes,7787,0.0,240.0,360.0,1.0,Urban,Y,0.3901660594321688,-0.5540356092387769,1.0934777734915675
LP001715,Male,Yes,3+,Not Graduate,Yes,5703,0.0,130.0,360.0,1.0,Rural,Y,0.049032357712874536,-0.5540356092387769,-0.19175926011197872
LP001716,Male,Yes,0,Graduate,No,3173,3021.0,137.0,360.0,1.0,Urban,Y,-0.36510788477743955,0.4783442911730709,-0.10997144888266214
LP001720,Male,Yes,3+,Not Graduate,No,3850,983.0,100.0,360.0,1.0,Semiurban,Y,-0.2542885392573041,-0.21811060357679535,-0.542278451094764
LP001722,Male,Yes,0,Graduate,No,150,1800.0,135.0,360.0,1.0,Rural,N,-0.8599481824249571,0.06108647640879874,-0.13333939494818117
LP001726,Male,Yes,0,Graduate,No,3727,1775.0,131.0,360.0,1.0,Semiurban,Y,-0.2744226300977423,0.052543114108137966,-0.18007528707921922
LP001732,Male,Yes,2,Graduate,,5000,0.0,72.0,360.0,0.0,Semiurban,N,-0.06604297448897953,-0.5540356092387769,-0.8694296960120304
LP001734,Female,Yes,2,Graduate,No,4283,2383.0,127.0,360.0,,Semiurban,Y,-0.18340999182714365,0.260317685260208,-0.22681117921025726
LP001736,Male,Yes,0,Graduate,No,2221,0.0,60.0,360.0,0.0,Urban,N,-0.5209424740465222,-0.5540356092387769,-1.0096373724051444
LP001743,Male,Yes,2,Graduate,No,4009,1717.0,116.0,360.0,1.0,Semiurban,Y,-0.22826154378064012,0.032722513570604975,-0.35533488257061185
LP001744,Male,No,0,Graduate,No,2971,2791.0,144.0,360.0,1.0,Semiurban,Y,-0.3981736274584844,0.3997453580069918,-0.028183637653345566
LP001749,Male,Yes,0,Graduate,No,7578,1010.0,175.0,,1.0,Semiurban,Y,0.35595447418296894,-0.20888377229208172,0.3340195263621993
LP001750,Male,Yes,0,Graduate,No,6250,0.0,128.0,360.0,1.0,Semiurban,Y,0.13857176982441674,-0.5540356092387769,-0.21512720617749773
LP001751,Male,Yes,0,Graduate,No,3250,0.0,170.0,360.0,1.0,Rural,N,-0.3525036165277343,-0.5540356092387769,0.27559966119840174
LP001754,Male,Yes,,Not Graduate,Yes,4735,0.0,138.0,360.0,1.0,Urban,N,-0.10942130028341955,-0.5540356092387769,-0.09828747584990263
LP001758,Male,Yes,2,Graduate,No,6250,1695.0,210.0,360.0,1.0,Semiurban,Y,0.13857176982441674,0.02520435474602349,0.7429585825087821
LP001760,Male,,,Graduate,No,4758,0.0,158.0,480.0,1.0,Semiurban,Y,-0.10565638898805306,-0.5540356092387769,0.13539198480528758
LP001761,Male,No,0,Graduate,Yes,6400,0.0,200.0,360.0,1.0,Rural,Y,0.1631255391420243,-0.5540356092387769,0.626118852181187
LP001765,Male,Yes,1,Graduate,No,2491,2054.0,104.0,360.0,1.0,Semiurban,Y,-0.4767456892748286,0.1478870373835122,-0.495542558963726
LP001768,Male,Yes,0,Graduate,,3716,0.0,42.0,180.0,1.0,Rural,Y,-0.2762232398477002,-0.5540356092387769,-1.2199488869948156
LP001770,Male,No,0,Not Graduate,No,3189,2598.0,120.0,,1.0,Rural,Y,-0.3624888160502281,0.33379060104589064,-0.30859899043957384
LP001776,Female,No,0,Graduate,No,8333,0.0,280.0,360.0,1.0,Semiurban,Y,0.47954177974826034,-0.5540356092387769,1.5608366948019479
LP001778,Male,Yes,1,Graduate,No,3155,1779.0,140.0,360.0,1.0,Semiurban,Y,-0.36805433709555246,0.05391005207624369,-0.07491952978438361
LP001784,Male,Yes,1,Graduate,No,5500,1260.0,170.0,360.0,1.0,Rural,Y,0.01580292323637898,-0.12345014928547397,0.27559966119840174
LP001786,Male,Yes,0,Graduate,,5746,0.0,255.0,360.0,,Urban,N,0.05607110491725537,-0.5540356092387769,1.2687373689829602
LP001788,Female,No,0,Graduate,Yes,3463,0.0,122.0,360.0,,Urban,Y,-0.3176372640967316,-0.5540356092387769,-0.2852310443740548
LP001790,Female,No,1,Graduate,No,3812,0.0,112.0,360.0,1.0,Rural,Y,-0.2605088274844314,-0.5540356092387769,-0.4020707747016499
LP001792,Male,Yes,1,Graduate,No,3315,0.0,96.0,360.0,1.0,Semiurban,Y,-0.3418636498234377,-0.5540356092387769,-0.589014343225802
LP001798,Male,Yes,2,Graduate,No,5819,5000.0,120.0,360.0,1.0,Rural,Y,0.06802060598515772,1.1546368508933778,-0.30859899043957384
LP001800,Male,Yes,1,Not Graduate,No,2510,1983.0,140.0,180.0,1.0,Urban,N,-0.47363554516126494,0.12362388844963561,-0.07491952978438361
LP001806,Male,No,0,Graduate,No,2965,5701.0,155.0,60.0,1.0,Urban,Y,-0.3991557782311887,1.3941927298039059,0.10034006570700905
LP001807,Male,Yes,2,Graduate,Yes,6250,1300.0,108.0,360.0,1.0,Rural,Y,0.13857176982441674,-0.10978076960441673,-0.44880666683268794
LP001811,Male,Yes,0,Not Graduate,No,3406,4417.0,123.0,360.0,1.0,Semiurban,Y,-0.32696769643742246,0.9554056420419684,-0.2735470713412953
LP001813,Male,No,0,Graduate,Yes,6050,4333.0,120.0,180.0,1.0,Urban,N,0.10583341073427334,0.9266999447117482,-0.30859899043957384
LP001814,Male,Yes,2,Graduate,No,9703,0.0,112.0,360.0,1.0,Urban,Y,0.7037995395157427,-0.5540356092387769,-0.4020707747016499
LP001819,Male,Yes,1,Not Graduate,No,6608,0.0,137.0,180.0,1.0,Urban,Y,0.19717343259577344,-0.5540356092387769,-0.10997144888266214
LP001824,Male,Yes,1,Graduate,No,2882,1843.0,123.0,480.0,1.0,Semiurban,Y,-0.4127421972535982,0.07578105956593527,-0.2735470713412953
LP001825,Male,Yes,0,Graduate,No,1809,1868.0,90.0,360.0,1.0,Urban,Y,-0.5883834937722175,0.08432442186659604,-0.6591181814223591
LP001835,Male,Yes,0,Not Graduate,No,1668,3890.0,201.0,360.0,0.0,Semiurban,N,-0.6114640369307687,0.7753115647440393,0.6378028252139465
LP001836,Female,No,2,Graduate,No,3427,0.0,138.0,360.0,1.0,Urban,N,-0.3235301687329574,-0.5540356092387769,-0.09828747584990263
LP001841,Male,No,0,Not Graduate,Yes,2583,2167.0,104.0,360.0,1.0,Rural,Y,-0.4616860440933626,0.1865030349824989,-0.495542558963726
LP001843,Male,Yes,1,Not Graduate,No,2661,7101.0,279.0,180.0,1.0,Semiurban,Y,-0.44891808404820666,1.8726210186409091,1.5491527217691883
LP001844,Male,No,0,Graduate,Yes,16250,0.0,192.0,360.0,0.0,Urban,N,1.7754897243315868,-0.5540356092387769,0.532647067919111
LP001846,Female,No,3+,Graduate,No,3083,0.0,255.0,360.0,1.0,Rural,Y,-0.37984014636800406,-0.5540356092387769,1.2687373689829602
LP001849,Male,No,0,Not Graduate,No,6045,0.0,115.0,360.0,0.0,Rural,N,0.10501495175701976,-0.5540356092387769,-0.3670188556033714
LP001854,Male,Yes,3+,Graduate,No,5250,0.0,94.0,360.0,1.0,Urban,N,-0.025120025626300276,-0.5540356092387769,-0.6123822892913211
LP001859,Male,Yes,0,Graduate,No,14683,2100.0,304.0,360.0,1.0,Rural,N,1.5189846808603134,0.16360682401672802,1.8412520475881762
LP001864,Male,Yes,3+,Not Graduate,No,4931,0.0,128.0,360.0,,Semiurban,N,-0.07733770837507901,-0.5540356092387769,-0.21512720617749773
LP001865,Male,Yes,1,Graduate,No,6083,4250.0,330.0,360.0,,Urban,Y,0.11123523998414701,0.8983359818735545,2.1450353464399234
LP001868,Male,No,0,Graduate,No,2060,2209.0,134.0,360.0,1.0,Semiurban,Y,-0.5472968531140876,0.200855883647609,-0.14502336798094068
LP001870,Female,No,1,Graduate,No,3481,0.0,155.0,36.0,1.0,Semiurban,N,-0.3146908117786187,-0.5540356092387769,0.10034006570700905
LP001871,Female,No,0,Graduate,No,7200,0.0,120.0,360.0,1.0,Rural,Y,0.29407897550259793,-0.5540356092387769,-0.30859899043957384
LP001872,Male,No,0,Graduate,Yes,5166,0.0,128.0,360.0,1.0,Semiurban,Y,-0.03887013644416051,-0.5540356092387769,-0.21512720617749773
LP001875,Male,No,0,Graduate,No,4095,3447.0,151.0,360.0,1.0,Rural,Y,-0.21418404937187843,0.6239231847763305,0.053604173575971005
LP001877,Male,Yes,2,Graduate,No,4708,1387.0,150.0,360.0,1.0,Semiurban,Y,-0.1138409787605889,-0.08004986879811724,0.041920200543211494
LP001882,Male,Yes,3+,Graduate,No,4333,1811.0,160.0,360.0,0.0,Urban,Y,-0.1752254020546078,0.06484555582108949,0.15875993087080661
LP001883,Female,No,0,Graduate,,3418,0.0,135.0,360.0,1.0,Rural,N,-0.32500339489201385,-0.5540356092387769,-0.13333939494818117
LP001884,Female,No,1,Graduate,No,2876,1560.0,90.0,360.0,1.0,Urban,Y,-0.4137243480263025,-0.020929801677544685,-0.6591181814223591
LP001888,Female,No,0,Graduate,No,3237,0.0,30.0,360.0,1.0,Urban,Y,-0.35463160986859366,-0.5540356092387769,-1.3601565633879298
LP001891,Male,Yes,0,Graduate,No,11146,0.0,136.0,360.0,1.0,Urban,Y,0.9400068003511273,-0.5540356092387769,-0.12165542191542165
LP001892,Male,No,0,Graduate,No,2833,1857.0,126.0,360.0,1.0,Rural,Y,-0.42076309523068334,0.0805653424543053,-0.23849515224301676
LP001894,Male,Yes,0,Graduate,No,2620,2223.0,150.0,360.0,1.0,Semiurban,Y,-0.45562944766168606,0.20564016653597902,0.041920200543211494
LP001896,Male,Yes,2,Graduate,No,3900,0.0,90.0,360.0,1.0,Semiurban,Y,-0.24610394948476827,-0.5540356092387769,-0.6591181814223591
LP001900,Male,Yes,1,Graduate,No,2750,1842.0,115.0,360.0,1.0,Semiurban,Y,-0.43434951425309287,0.07543932507390884,-0.3670188556033714
LP001903,Male,Yes,0,Graduate,No,3993,3274.0,207.0,360.0,1.0,Semiurban,Y,-0.23088061250785158,0.564803117655758,0.7079066634105036
LP001904,Male,Yes,0,Graduate,No,3103,1300.0,80.0,360.0,1.0,Urban,Y,-0.37656631045898975,-0.10978076960441673,-0.7759579117499542
LP001907,Male,Yes,0,Graduate,No,14583,0.0,436.0,360.0,1.0,Semiurban,Y,1.5026155013152416,-0.5540356092387769,3.3835364879124312
LP001908,Female,Yes,0,Not Graduate,No,4100,0.0,124.0,360.0,,Rural,Y,-0.21336559039462485,-0.5540356092387769,-0.26186309830853577
LP001910,Male,No,1,Not Graduate,Yes,4053,2426.0,158.0,360.0,0.0,Urban,N,-0.22105910478080856,0.2750122684173445,0.13539198480528758
LP001914,Male,Yes,0,Graduate,No,3927,800.0,112.0,360.0,1.0,Semiurban,Y,-0.2416842710075989,-0.2806480156176322,-0.4020707747016499
LP001915,Male,Yes,2,Graduate,No,2301,985.7999877999998,78.0,180.0,1.0,Urban,Y,-0.5078471304104648,-0.2171537511682822,-0.7993258578154733
LP001917,Female,No,0,Graduate,No,1811,1666.0,54.0,360.0,1.0,Urban,Y,-0.5880561101813161,0.015294054477256996,-1.0797412106017015
LP001924,Male,No,0,Graduate,No,3158,3053.0,89.0,360.0,1.0,Rural,Y,-0.3675632617092003,0.48927979491791673,-0.6708021544551187
LP001925,Female,No,0,Graduate,Yes,2600,1717.0,99.0,300.0,1.0,Semiurban,N,-0.4589032835707004,0.032722513570604975,-0.5539624241275235
LP001926,Male,Yes,0,Graduate,No,3704,2000.0,120.0,360.0,1.0,Rural,Y,-0.2781875413931088,0.12943337481408493,-0.30859899043957384
LP001931,Female,No,0,Graduate,No,4124,0.0,115.0,360.0,1.0,Semiurban,Y,-0.20943698730380764,-0.5540356092387769,-0.3670188556033714
LP001935,Male,No,0,Graduate,No,9508,0.0,187.0,360.0,1.0,Rural,Y,0.6718796394028528,-0.5540356092387769,0.4742272027553134
LP001936,Male,Yes,0,Graduate,No,3075,2416.0,139.0,360.0,1.0,Rural,Y,-0.3811496807316098,0.2715949234970802,-0.08660350281714312
LP001938,Male,Yes,2,Graduate,No,4400,0.0,127.0,360.0,0.0,Semiurban,N,-0.16425805175940975,-0.5540356092387769,-0.22681117921025726
LP001940,Male,Yes,2,Graduate,No,3153,1560.0,134.0,360.0,1.0,Urban,Y,-0.36838172068645386,-0.020929801677544685,-0.14502336798094068
LP001945,Female,No,,Graduate,No,5417,0.0,143.0,480.0,0.0,Urban,N,0.002216504213969467,-0.5540356092387769,-0.03986761068610508
LP001947,Male,Yes,0,Graduate,No,2383,3334.0,172.0,360.0,1.0,Semiurban,Y,-0.494424403183506,0.5853071871773438,0.29896760726392074
LP001949,Male,Yes,3+,Graduate,,4416,1250.0,110.0,360.0,1.0,Urban,Y,-0.16163898303219829,-0.12686749420573828,-0.42543872076716893
LP001953,Male,Yes,1,Graduate,No,6875,0.0,200.0,360.0,1.0,Semiurban,Y,0.2408791419811149,-0.5540356092387769,0.626118852181187
LP001954,Female,Yes,1,Graduate,No,4666,0.0,135.0,360.0,1.0,Urban,Y,-0.12071603416951902,-0.5540356092387769,-0.13333939494818117
LP001955,Female,No,0,Graduate,No,5000,2541.0,151.0,480.0,1.0,Rural,N,-0.06604297448897953,0.31431173500038406,0.053604173575971005
LP001963,Male,Yes,1,Graduate,No,2014,2925.0,113.0,360.0,1.0,Urban,N,-0.5548266757048206,0.44553777993853355,-0.3903868016688904
LP001964,Male,Yes,0,Not Graduate,No,1800,2934.0,93.0,360.0,0.0,Urban,N,-0.589856719931274,0.44861339036677145,-0.6240662623240806
LP001972,Male,Yes,,Not Graduate,No,2875,1750.0,105.0,360.0,1.0,Semiurban,Y,-0.4138880398217532,0.04399975180747719,-0.4838585859309665
LP001974,Female,No,0,Graduate,No,5000,0.0,132.0,360.0,1.0,Rural,Y,-0.06604297448897953,-0.5540356092387769,-0.16839131404645968
LP001977,Male,Yes,1,Graduate,No,1625,1803.0,96.0,360.0,1.0,Urban,Y,-0.6185027841351495,0.062111679884878035,-0.589014343225802
LP001978,Male,No,0,Graduate,No,4000,2500.0,140.0,360.0,1.0,Rural,Y,-0.22973476993969655,0.3003006208273004,-0.07491952978438361
LP001993,Female,No,0,Graduate,No,3762,1666.0,135.0,360.0,1.0,Rural,Y,-0.2686934172569672,0.015294054477256996,-0.13333939494818117
LP001994,Female,No,0,Graduate,No,2400,1863.0,104.0,360.0,0.0,Urban,N,-0.4916416426608438,0.08261574940646389,-0.495542558963726
LP001996,Male,No,0,Graduate,No,20233,0.0,480.0,360.0,1.0,Rural,N,2.427474145611793,-0.5540356092387769,3.8976313013538495
LP001998,Male,Yes,2,Not Graduate,No,7667,0.0,185.0,360.0,,Rural,Y,0.3705230439780828,-0.5540356092387769,0.4508592566897944
LP002002,Female,No,0,Graduate,No,2917,0.0,84.0,360.0,1.0,Semiurban,Y,-0.4070129844128231,-0.5540356092387769,-0.7292220196189162
LP002004,Male,No,0,Not Graduate,No,2927,2405.0,111.0,360.0,1.0,Semiurban,Y,-0.4053760664583159,0.26783584408478944,-0.4137547477344094
LP002006,Female,No,0,Graduate,No,2507,0.0,56.0,360.0,1.0,Rural,Y,-0.47412662054761706,-0.5540356092387769,-1.0563732645361825
LP002008,Male,Yes,2,Graduate,Yes,5746,0.0,144.0,84.0,,Rural,Y,0.05607110491725537,-0.5540356092387769,-0.028183637653345566
LP002024,,Yes,0,Graduate,No,2473,1843.0,159.0,360.0,1.0,Rural,N,-0.4796921415929415,0.07578105956593527,0.14707595783804708
LP002031,Male,Yes,1,Not Graduate,No,3399,1640.0,111.0,180.0,1.0,Urban,Y,-0.3281135390055775,0.0064089576845697905,-0.4137547477344094
LP002035,Male,Yes,2,Graduate,No,3717,0.0,120.0,360.0,1.0,Semiurban,Y,-0.27605954805224947,-0.5540356092387769,-0.30859899043957384
LP002036,Male,Yes,0,Graduate,No,2058,2134.0,88.0,360.0,,Urban,Y,-0.547624236704989,0.1752257967456267,-0.6824861274878782
LP002043,Female,No,1,Graduate,No,3541,0.0,112.0,360.0,,Semiurban,Y,-0.3048693040515757,-0.5540356092387769,-0.4020707747016499
LP002050,Male,Yes,1,Graduate,Yes,10000,0.0,155.0,360.0,1.0,Rural,N,0.7524160027646056,-0.5540356092387769,0.10034006570700905
LP002051,Male,Yes,0,Graduate,No,2400,2167.0,115.0,360.0,1.0,Semiurban,Y,-0.4916416426608438,0.1865030349824989,-0.3670188556033714
LP002053,Male,Yes,3+,Graduate,No,4342,189.0,124.0,360.0,1.0,Semiurban,Y,-0.17375217589555134,-0.4894477902457815,-0.26186309830853577
LP002055,Female,No,0,Graduate,No,3166,2985.0,132.0,360.0,,Rural,Y,-0.3662537273455946,0.4660418494601194,-0.16839131404645968
LP002065,Male,Yes,3+,Graduate,No,15000,0.0,300.0,360.0,1.0,Rural,Y,1.5708749800181907,-0.5540356092387769,1.794516155457138
LP002067,Male,Yes,1,Graduate,Yes,8666,4983.0,376.0,360.0,0.0,Rural,N,0.534051147633349,1.1488273645289284,2.682498105946861
LP002068,Male,No,0,Graduate,No,4917,0.0,130.0,360.0,0.0,Rural,Y,-0.07962939351138905,-0.5540356092387769,-0.19175926011197872
LP002082,Male,Yes,0,Graduate,Yes,5818,2160.0,184.0,360.0,1.0,Semiurban,Y,0.06785691418970699,0.1841108935383139,0.43917528365703484
LP002086,Female,Yes,0,Graduate,No,4333,2451.0,110.0,360.0,1.0,Urban,N,-0.1752254020546078,0.28355563071800527,-0.42543872076716893
LP002087,Female,No,0,Graduate,No,2500,0.0,67.0,360.0,1.0,Urban,Y,-0.4752724631157721,-0.5540356092387769,-0.9278495611758278
LP002097,Male,No,1,Graduate,No,4384,1793.0,117.0,360.0,1.0,Urban,Y,-0.16687712048662123,0.05869433496461372,-0.3436509095378524
LP002098,Male,No,0,Graduate,No,2935,0.0,98.0,360.0,1.0,Semiurban,Y,-0.4040665320947102,-0.5540356092387769,-0.5656463971602831
LP002100,Male,No,,Graduate,No,2833,0.0,71.0,360.0,1.0,Urban,Y,-0.42076309523068334,-0.5540356092387769,-0.8811136690447898
LP002101,Male,Yes,0,Graduate,,63337,0.0,490.0,180.0,1.0,Urban,Y,9.483245296719499,-0.5540356092387769,4.0144710316814445
LP002103,,Yes,1,Graduate,Yes,9833,1833.0,182.0,180.0,1.0,Urban,Y,0.7250794729243358,0.07236371464567096,0.41580733759151584
LP002106,Male,Yes,,Graduate,Yes,5503,4490.0,70.0,,1.0,Semiurban,Y,0.01629399862273113,0.9803522599598979,-0.8927976420775493
LP002110,Male,Yes,1,Graduate,,5250,688.0,160.0,360.0,1.0,Rural,Y,-0.025120025626300276,-0.31892227872459245,0.15875993087080661
LP002112,Male,Yes,2,Graduate,Yes,2500,4600.0,176.0,360.0,1.0,Rural,Y,-0.4752724631157721,1.0179430540828054,0.34570349939495876
LP002114,Female,No,0,Graduate,No,4160,0.0,71.0,360.0,1.0,Semiurban,Y,-0.20354408266758184,-0.5540356092387769,-0.8811136690447898
LP002115,Male,Yes,3+,Not Graduate,No,2647,1587.0,173.0,360.0,1.0,Rural,N,-0.4512097691845167,-0.011702970392831049,0.3106515802966802
LP002116,Female,No,0,Graduate,No,2378,0.0,46.0,360.0,1.0,Rural,N,-0.4952428621607596,-0.5540356092387769,-1.1732129948637775
LP002119,Male,Yes,1,Not Graduate,No,4554,1229.0,158.0,360.0,1.0,Urban,Y,-0.13904951525999934,-0.13404391853829334,0.13539198480528758
LP002126,Male,Yes,3+,Not Graduate,No,3173,0.0,74.0,360.0,1.0,Semiurban,Y,-0.36510788477743955,-0.5540356092387769,-0.8460617499465113
LP002128,Male,Yes,2,Graduate,,2583,2330.0,125.0,360.0,1.0,Rural,Y,-0.4616860440933626,0.24220575718280715,-0.2501791252757763
LP002129,Male,Yes,0,Graduate,No,2499,2458.0,160.0,360.0,1.0,Semiurban,Y,-0.4754361549112228,0.2859477721621903,0.15875993087080661
LP002130,Male,Yes,,Not Graduate,No,3523,3230.0,152.0,360.0,0.0,Rural,N,-0.3078157563696886,0.549766800006595,0.06528814660873052
LP002131,Male,Yes,2,Not Graduate,No,3083,2168.0,126.0,360.0,1.0,Urban,Y,-0.37984014636800406,0.18684476947452533,-0.23849515224301676
LP002137,Male,Yes,0,Graduate,No,6333,4583.0,259.0,360.0,,Semiurban,Y,0.15215818884682628,1.012133567718356,1.315473261113998
LP002138,Male,Yes,0,Graduate,No,2625,6250.0,187.0,360.0,1.0,Rural,Y,-0.4548109886844325,1.5818049659264164,0.4742272027553134
LP002139,Male,Yes,0,Graduate,No,9083,0.0,228.0,360.0,1.0,Semiurban,Y,0.6023106263362981,-0.5540356092387769,0.9532700970984533
LP002140,Male,No,0,Graduate,No,8750,4167.0,308.0,360.0,1.0,Rural,N,0.5478012584512093,0.8699720190353607,1.887987939719214
LP002141,Male,Yes,3+,Graduate,No,2666,2083.0,95.0,360.0,1.0,Rural,Y,-0.4480996250709531,0.15779733765227869,-0.6006983162585616
LP002142,Female,Yes,0,Graduate,Yes,5500,0.0,105.0,360.0,0.0,Rural,N,0.01580292323637898,-0.5540356092387769,-0.4838585859309665
LP002143,Female,Yes,0,Graduate,No,2423,505.0,130.0,360.0,1.0,Semiurban,Y,-0.4878767313654773,-0.38145969076542935,-0.19175926011197872
LP002144,Female,No,,Graduate,No,3813,0.0,116.0,180.0,1.0,Urban,Y,-0.26034513568898066,-0.5540356092387769,-0.35533488257061185
LP002149,Male,Yes,2,Graduate,No,8333,3167.0,165.0,360.0,1.0,Rural,Y,0.47954177974826034,0.5282375270089298,0.21717979603460416
LP002151,Male,Yes,1,Graduate,No,3875,0.0,67.0,360.0,1.0,Urban,N,-0.2501962443710362,-0.5540356092387769,-0.9278495611758278
LP002158,Male,Yes,0,Not Graduate,No,3000,1666.0,100.0,480.0,0.0,Urban,N,-0.3934265653904136,0.015294054477256996,-0.542278451094764
LP002160,Male,Yes,3+,Graduate,No,5167,3167.0,200.0,360.0,1.0,Semiurban,Y,-0.03870644464870979,0.5282375270089298,0.626118852181187
LP002161,Female,No,1,Graduate,No,4723,0.0,81.0,360.0,1.0,Semiurban,N,-0.11138560182882815,-0.5540356092387769,-0.7642739387171947
LP002170,Male,Yes,2,Graduate,No,5000,3667.0,236.0,360.0,1.0,Semiurban,Y,-0.06604297448897953,0.6991047730221454,1.0467418813605294
LP002175,Male,Yes,0,Graduate,No,4750,2333.0,130.0,360.0,1.0,Urban,Y,-0.10696592335165879,0.24323096065888644,-0.19175926011197872
LP002178,Male,Yes,0,Graduate,No,3013,3033.0,95.0,300.0,,Urban,Y,-0.39129857204955426,0.4824451050773881,-0.6006983162585616
LP002180,Male,No,0,Graduate,Yes,6822,0.0,141.0,360.0,1.0,Rural,Y,0.2322034768222269,-0.5540356092387769,-0.0632355567516241
LP002181,Male,No,0,Not Graduate,No,6216,0.0,133.0,360.0,1.0,Rural,N,0.13300624877909237,-0.5540356092387769,-0.15670734101370018
LP002187,Male,No,0,Graduate,No,2500,0.0,96.0,480.0,1.0,Semiurban,N,-0.4752724631157721,-0.5540356092387769,-0.589014343225802
LP002188,Male,No,0,Graduate,No,5124,0.0,124.0,,0.0,Rural,N,-0.04574519185309062,-0.5540356092387769,-0.26186309830853577
LP002190,Male,Yes,1,Graduate,No,6325,0.0,175.0,360.0,1.0,Semiurban,Y,0.15084865448322052,-0.5540356092387769,0.3340195263621993
LP002191,Male,Yes,0,Graduate,No,19730,5266.0,570.0,360.0,1.0,Rural,N,2.345137172500082,1.2455382257724084,4.949188874302205
LP002194,Female,No,0,Graduate,Yes,15759,0.0,55.0,360.0,1.0,Semiurban,Y,1.6951170527652848,-0.5540356092387769,-1.068057237568942
LP002197,Male,Yes,2,Graduate,No,5185,0.0,155.0,360.0,1.0,Semiurban,Y,-0.03575999233059688,-0.5540356092387769,0.10034006570700905
LP002201,Male,Yes,2,Graduate,Yes,9323,7873.0,380.0,300.0,1.0,Rural,Y,0.6415966572444701,2.1364400464853137,2.729233998077899
LP002205,Male,No,1,Graduate,No,3062,1987.0,111.0,180.0,0.0,Urban,N,-0.38327767407246915,0.12499082641774133,-0.4137547477344094
LP002209,Female,No,0,Graduate,,2764,1459.0,110.0,360.0,1.0,Urban,Y,-0.4320578291167828,-0.055444985372214206,-0.42543872076716893
LP002211,Male,Yes,0,Graduate,No,4817,923.0,120.0,180.0,1.0,Urban,Y,-0.09599857305646076,-0.2386146730983812,-0.30859899043957384
LP002219,Male,Yes,3+,Graduate,No,8750,4996.0,130.0,360.0,1.0,Rural,Y,0.5478012584512093,1.153269912925272,-0.19175926011197872
LP002223,Male,Yes,0,Graduate,No,4310,0.0,130.0,360.0,,Semiurban,Y,-0.17899031334997428,-0.5540356092387769,-0.19175926011197872
LP002224,Male,No,0,Graduate,No,3069,0.0,71.0,480.0,1.0,Urban,N,-0.3821318315043141,-0.5540356092387769,-0.8811136690447898
LP002225,Male,Yes,2,Graduate,No,5391,0.0,130.0,360.0,1.0,Urban,Y,-0.0020394824677491758,-0.5540356092387769,-0.19175926011197872
LP002226,Male,Yes,0,Graduate,,3333,2500.0,128.0,360.0,1.0,Semiurban,Y,-0.33891719750532484,0.3003006208273004,-0.21512720617749773
LP002229,Male,No,0,Graduate,No,5941,4232.0,296.0,360.0,1.0,Semiurban,Y,0.08799100503014519,0.8921847610170787,1.7477802633261001
LP002231,Female,No,0,Graduate,No,6000,0.0,156.0,360.0,1.0,Urban,Y,0.09764882096173749,-0.5540356092387769,0.11202403873976856
LP002234,Male,No,0,Graduate,Yes,7167,0.0,128.0,360.0,1.0,Urban,Y,0.2886771462527243,-0.5540356092387769,-0.21512720617749773
LP002236,Male,Yes,2,Graduate,No,4566,0.0,100.0,360.0,1.0,Urban,N,-0.13708521371459073,-0.5540356092387769,-0.542278451094764
LP002237,Male,No,1,Graduate,,3667,0.0,113.0,180.0,1.0,Urban,Y,-0.28424413782478536,-0.5540356092387769,-0.3903868016688904
LP002239,Male,No,0,Not Graduate,No,2346,1600.0,132.0,360.0,1.0,Semiurban,Y,-0.5004809996151826,-0.007260421996487447,-0.16839131404645968
LP002244,Male,Yes,0,Graduate,No,2333,2417.0,136.0,360.0,1.0,Urban,Y,-0.5026089929560419,0.27193665798910666,-0.12165542191542165
LP002250,Male,Yes,0,Graduate,No,5488,0.0,125.0,360.0,1.0,Rural,Y,0.013838621690970375,-0.5540356092387769,-0.2501791252757763
LP002255,Male,No,3+,Graduate,No,9167,0.0,185.0,360.0,1.0,Rural,Y,0.6160607371541583,-0.5540356092387769,0.4508592566897944
LP002262,Male,Yes,3+,Graduate,No,9504,0.0,275.0,360.0,1.0,Rural,Y,0.67122487222105,-0.5540356092387769,1.5024168296381504
LP002263,Male,Yes,0,Graduate,No,2583,2115.0,120.0,360.0,,Urban,Y,-0.4616860440933626,0.1687328413971245,-0.30859899043957384
LP002265,Male,Yes,2,Not Graduate,No,1993,1625.0,113.0,180.0,1.0,Semiurban,Y,-0.5582642034092856,0.0012829403041733267,-0.3903868016688904
LP002266,Male,Yes,2,Graduate,No,3100,1400.0,113.0,360.0,1.0,Urban,Y,-0.3770573858453419,-0.07560732040177363,-0.3903868016688904
LP002272,Male,Yes,2,Graduate,No,3276,484.0,135.0,360.0,,Semiurban,Y,-0.3482476298460157,-0.3886361150979844,-0.13333939494818117
LP002277,Female,No,0,Graduate,No,3180,0.0,71.0,360.0,0.0,Urban,N,-0.3639620422092845,-0.5540356092387769,-0.8811136690447898
LP002281,Male,Yes,0,Graduate,No,3033,1459.0,95.0,360.0,1.0,Urban,Y,-0.38802473614053995,-0.055444985372214206,-0.6006983162585616
LP002284,Male,No,0,Not Graduate,No,3902,1666.0,109.0,360.0,1.0,Rural,Y,-0.24577656589386684,0.015294054477256996,-0.43712269379992846
LP002287,Female,No,0,Graduate,No,1500,1800.0,103.0,360.0,0.0,Semiurban,N,-0.6389642585664891,0.06108647640879874,-0.5072265319964855
LP002288,Male,Yes,2,Not Graduate,No,2889,0.0,45.0,180.0,0.0,Urban,N,-0.4115963546854432,-0.5540356092387769,-1.184896967896537
LP002296,Male,No,0,Not Graduate,No,2755,0.0,65.0,300.0,1.0,Rural,N,-0.43353105527583924,-0.5540356092387769,-0.9512175072413469
LP002297,Male,No,0,Graduate,No,2500,20000.0,103.0,360.0,1.0,Semiurban,Y,-0.4752724631157721,6.280654231289843,-0.5072265319964855
LP002300,Female,No,0,Not Graduate,No,1963,0.0,53.0,360.0,1.0,Semiurban,Y,-0.5631749572728072,-0.5540356092387769,-1.091425183634461
LP002301,Female,No,0,Graduate,Yes,7441,0.0,194.0,360.0,1.0,Rural,N,0.3335286982062207,-0.5540356092387769,0.5560150139846299
LP002305,Female,No,0,Graduate,No,4547,0.0,115.0,360.0,1.0,Semiurban,Y,-0.14019535782815434,-0.5540356092387769,-0.3670188556033714
LP002308,Male,Yes,0,Not Graduate,No,2167,2400.0,115.0,360.0,1.0,Urban,Y,-0.5297818310008608,0.2661271716246573,-0.3670188556033714
LP002314,Female,No,0,Not Graduate,No,2213,0.0,66.0,360.0,1.0,Rural,Y,-0.5222520084101279,-0.5540356092387769,-0.9395335342085874
LP002315,Male,Yes,1,Graduate,No,8300,0.0,152.0,300.0,0.0,Semiurban,N,0.47413995049838664,-0.5540356092387769,0.06528814660873052
LP002317,Male,Yes,3+,Graduate,No,81000,0.0,360.0,360.0,0.0,Rural,N,12.374533479765514,-0.5540356092387769,2.495554537422709
LP002318,Female,No,1,Not Graduate,Yes,3867,0.0,62.0,360.0,1.0,Semiurban,N,-0.2515057787346419,-0.5540356092387769,-0.9862694263396254
LP002319,Male,Yes,0,Graduate,,6256,0.0,160.0,360.0,,Urban,Y,0.13955392059712105,-0.5540356092387769,0.15875993087080661
LP002328,Male,Yes,0,Not Graduate,No,6096,0.0,218.0,360.0,0.0,Rural,N,0.11336323332500634,-0.5540356092387769,0.8364303667708582
LP002332,Male,Yes,0,Not Graduate,No,2253,2033.0,110.0,360.0,1.0,Rural,Y,-0.5157043365920992,0.14071061305095714,-0.42543872076716893
LP002335,Female,Yes,0,Not Graduate,No,2149,3237.0,178.0,360.0,0.0,Semiurban,N,-0.5327282833189738,0.55215894145078,0.3690714454604778
LP002337,Female,No,0,Graduate,No,2995,0.0,60.0,360.0,1.0,Urban,Y,-0.3942450243676672,-0.5540356092387769,-1.0096373724051444
LP002341,Female,No,1,Graduate,No,2600,0.0,160.0,360.0,1.0,Urban,N,-0.4589032835707004,-0.5540356092387769,0.15875993087080661
LP002342,Male,Yes,2,Graduate,Yes,1600,20000.0,239.0,360.0,1.0,Urban,N,-0.6225950790214174,6.280654231289843,1.081793800458808
LP002345,Male,Yes,0,Graduate,No,1025,2773.0,112.0,360.0,1.0,Rural,Y,-0.7167178614055797,0.39359413715051605,-0.4020707747016499
LP002347,Male,Yes,0,Graduate,No,3246,1417.0,138.0,360.0,1.0,Semiurban,Y,-0.3531583837095372,-0.06979783403732431,-0.09828747584990263
LP002348,Male,Yes,0,Graduate,No,5829,0.0,138.0,360.0,1.0,Rural,Y,0.06965752393966489,-0.5540356092387769,-0.09828747584990263
LP002357,Female,No,0,Not Graduate,No,2720,0.0,80.0,,0.0,Urban,N,-0.43926026811661434,-0.5540356092387769,-0.7759579117499542
LP002361,Male,Yes,0,Graduate,No,1820,1719.0,100.0,360.0,1.0,Urban,Y,-0.5865828840222597,0.033405982554657834,-0.542278451094764
LP002362,Male,Yes,1,Graduate,No,7250,1667.0,110.0,,0.0,Urban,N,0.30226356527513376,0.015635788969283426,-0.42543872076716893
LP002364,Male,Yes,0,Graduate,No,14880,0.0,96.0,360.0,1.0,Semiurban,Y,1.5512319645641046,-0.5540356092387769,-0.589014343225802
LP002366,Male,Yes,0,Graduate,No,2666,4300.0,121.0,360.0,1.0,Rural,Y,-0.4480996250709531,0.915422706474876,-0.2969150174068143
LP002367,Female,No,1,Not Graduate,No,4606,0.0,81.0,360.0,1.0,Rural,N,-0.13053754189656205,-0.5540356092387769,-0.7642739387171947
LP002368,Male,Yes,2,Graduate,No,5935,0.0,133.0,360.0,1.0,Semiurban,Y,0.08700885425744088,-0.5540356092387769,-0.15670734101370018
LP002369,Male,Yes,0,Graduate,No,2920,16.12000084,87.0,360.0,1.0,Rural,Y,-0.40652190902647095,-0.5485268489402538,-0.6941701005206377
LP002370,Male,No,0,Not Graduate,No,2717,0.0,60.0,180.0,1.0,Urban,Y,-0.4397513435029665,-0.5540356092387769,-1.0096373724051444
LP002377,Female,No,1,Graduate,Yes,8624,0.0,150.0,360.0,1.0,Semiurban,Y,0.527176092224419,-0.5540356092387769,0.041920200543211494
LP002379,Male,No,0,Graduate,No,6500,0.0,105.0,360.0,0.0,Rural,N,0.17949471868709602,-0.5540356092387769,-0.4838585859309665
LP002386,Male,No,0,Graduate,,12876,0.0,405.0,360.0,1.0,Semiurban,Y,1.2231936064808677,-0.5540356092387769,3.0213333238968865
LP002387,Male,Yes,0,Graduate,No,2425,2340.0,143.0,360.0,1.0,Semiurban,Y,-0.48754934777457587,0.24562310210307145,-0.03986761068610508
LP002390,Male,No,0,Graduate,No,3750,0.0,100.0,360.0,1.0,Urban,Y,-0.2706577188023758,-0.5540356092387769,-0.542278451094764
LP002398,Male,No,0,Graduate,No,1926,1851.0,50.0,360.0,1.0,Semiurban,Y,-0.5692315537044836,0.07851493550214672,-1.1264771027327396
LP002403,Male,No,0,Graduate,Yes,10416,0.0,187.0,360.0,0.0,Urban,N,0.8205117896721039,-0.5540356092387769,0.4742272027553134
LP002407,Female,Yes,0,Not Graduate,Yes,7142,0.0,138.0,360.0,1.0,Rural,Y,0.28458485136645634,-0.5540356092387769,-0.09828747584990263
LP002408,Male,No,0,Graduate,No,3660,5064.0,187.0,360.0,1.0,Semiurban,Y,-0.28538998039294033,1.1765078583830693,0.4742272027553134
LP002409,Male,Yes,0,Graduate,No,7901,1833.0,180.0,360.0,1.0,Rural,Y,0.40882692411355054,0.07236371464567096,0.39243939152599683
LP002418,Male,No,3+,Not Graduate,No,4707,1993.0,148.0,360.0,1.0,Semiurban,Y,-0.11400467055603962,0.12704123336989992,0.018552254477692477
LP002422,Male,No,1,Graduate,No,37719,0.0,152.0,360.0,1.0,Semiurban,Y,5.289788880863031,-0.5540356092387769,0.06528814660873052
LP002424,Male,Yes,0,Graduate,No,7333,8333.0,175.0,300.0,,Rural,Y,0.3158499842975433,2.293637912817472,0.3340195263621993
LP002429,Male,Yes,1,Graduate,Yes,3466,1210.0,130.0,360.0,1.0,Rural,Y,-0.3171461887103795,-0.1405368738867955,-0.19175926011197872
LP002434,Male,Yes,2,Not Graduate,No,4652,0.0,110.0,360.0,1.0,Rural,Y,-0.12300771930582906,-0.5540356092387769,-0.42543872076716893
LP002435,Male,Yes,0,Graduate,,3539,1376.0,55.0,360.0,1.0,Rural,N,-0.3051966876424771,-0.08380894821040798,-1.068057237568942
LP002443,Male,Yes,2,Graduate,No,3340,1710.0,150.0,360.0,0.0,Rural,N,-0.3377713549371698,0.030330372126419956,0.041920200543211494
LP002444,Male,No,1,Not Graduate,Yes,2769,1542.0,190.0,360.0,,Semiurban,N,-0.43123937013952923,-0.027081022534020442,0.5092791218535919
LP002446,Male,Yes,2,Not Graduate,No,2309,1255.0,125.0,360.0,0.0,Rural,N,-0.5065375960468591,-0.1251588217456061,-0.2501791252757763
LP002447,Male,Yes,2,Not Graduate,No,1958,1456.0,60.0,300.0,,Urban,Y,-0.5639934162500607,-0.0564701888482935,-1.0096373724051444
LP002448,Male,Yes,0,Graduate,No,3948,1733.0,149.0,360.0,0.0,Rural,N,-0.23824674330313383,0.038190265443027865,0.030236227510451987
LP002449,Male,Yes,0,Graduate,No,2483,2466.0,90.0,180.0,0.0,Rural,Y,-0.4780552236384343,0.28868164809840174,-0.6591181814223591
LP002453,Male,No,0,Graduate,Yes,7085,0.0,84.0,360.0,1.0,Semiurban,Y,0.2752544190257655,-0.5540356092387769,-0.7292220196189162
LP002455,Male,Yes,2,Graduate,No,3859,0.0,96.0,360.0,1.0,Semiurban,Y,-0.2528153130982477,-0.5540356092387769,-0.589014343225802
LP002459,Male,Yes,0,Graduate,No,4301,0.0,118.0,360.0,1.0,Urban,Y,-0.18046353950903074,-0.5540356092387769,-0.33196693650509285
LP002467,Male,Yes,0,Graduate,No,3708,2569.0,173.0,360.0,1.0,Urban,N,-0.27753277421130595,0.32388030077712415,0.3106515802966802
LP002472,Male,No,2,Graduate,No,4354,0.0,136.0,360.0,1.0,Rural,Y,-0.17178787435014273,-0.5540356092387769,-0.12165542191542165
LP002473,Male,Yes,0,Graduate,No,8334,0.0,160.0,360.0,1.0,Semiurban,N,0.479705471543711,-0.5540356092387769,0.15875993087080661
LP002478,,Yes,0,Graduate,Yes,2083,4083.0,160.0,360.0,,Semiurban,Y,-0.5435319418187211,0.8412663217051405,0.15875993087080661
LP002484,Male,Yes,3+,Graduate,No,7740,0.0,128.0,180.0,1.0,Urban,Y,0.3824725450459851,-0.5540356092387769,-0.21512720617749773
LP002487,Male,Yes,0,Graduate,No,3015,2188.0,153.0,360.0,1.0,Rural,Y,-0.3909711884586528,0.19367945931505395,0.07697211964149003
LP002489,Female,No,1,Not Graduate,,5191,0.0,132.0,360.0,1.0,Semiurban,Y,-0.03477784155789258,-0.5540356092387769,-0.16839131404645968
LP002493,Male,No,0,Graduate,No,4166,0.0,98.0,360.0,0.0,Semiurban,N,-0.20256193189487753,-0.5540356092387769,-0.5656463971602831
LP002494,Male,No,0,Graduate,No,6000,0.0,140.0,360.0,1.0,Rural,Y,0.09764882096173749,-0.5540356092387769,-0.07491952978438361
LP002500,Male,Yes,3+,Not Graduate,No,2947,1664.0,70.0,180.0,0.0,Urban,N,-0.4021022305493016,0.014610585493204133,-0.8927976420775493
LP002501,,Yes,0,Graduate,No,16692,0.0,110.0,360.0,1.0,Semiurban,Y,1.8478414979208038,-0.5540356092387769,-0.42543872076716893
LP002502,Female,Yes,2,Not Graduate,,210,2917.0,98.0,360.0,1.0,Semiurban,Y,-0.8501266746979141,0.4428039040023221,-0.5656463971602831
LP002505,Male,Yes,0,Graduate,No,4333,2451.0,110.0,360.0,1.0,Urban,N,-0.1752254020546078,0.28355563071800527,-0.42543872076716893
LP002515,Male,Yes,1,Graduate,Yes,3450,2079.0,162.0,360.0,1.0,Semiurban,Y,-0.31976525743759093,0.15643039968417297,0.18212787693632562
LP002517,Male,Yes,1,Not Graduate,No,2653,1500.0,113.0,180.0,0.0,Rural,N,-0.4502276184118124,-0.04143387119913054,-0.3903868016688904
LP002519,Male,Yes,3+,Graduate,No,4691,0.0,100.0,360.0,1.0,Semiurban,Y,-0.1166237392832511,-0.5540356092387769,-0.542278451094764
LP002522,Female,No,0,Graduate,Yes,2500,0.0,93.0,360.0,,Urban,Y,-0.4752724631157721,-0.5540356092387769,-0.6240662623240806
LP002524,Male,No,2,Graduate,No,5532,4648.0,162.0,360.0,1.0,Rural,Y,0.021041060690801926,1.034346309700074,0.18212787693632562
LP002527,Male,Yes,2,Graduate,Yes,16525,1014.0,150.0,360.0,1.0,Rural,Y,1.820504968080534,-0.20751683432397597,0.041920200543211494
LP002529,Male,Yes,2,Graduate,No,6700,1750.0,230.0,300.0,1.0,Semiurban,Y,0.2122330777772394,0.04399975180747719,0.9766380431639723
LP002530,,Yes,2,Graduate,No,2873,1872.0,132.0,360.0,0.0,Semiurban,N,-0.41421542341265466,0.08569135983470177,-0.16839131404645968
LP002531,Male,Yes,1,Graduate,Yes,16667,2250.0,86.0,360.0,1.0,Semiurban,Y,1.843749203034536,0.21486699782069266,-0.7058540735533971
LP002534,Female,No,0,Not Graduate,No,4350,0.0,154.0,360.0,1.0,Rural,Y,-0.1724426415319456,-0.5540356092387769,0.08865609267424954
LP002536,Male,Yes,3+,Not Graduate,No,3095,0.0,113.0,360.0,1.0,Rural,Y,-0.37787584482259545,-0.5540356092387769,-0.3903868016688904
LP002537,Male,Yes,0,Graduate,No,2083,3150.0,128.0,360.0,1.0,Semiurban,Y,-0.5435319418187211,0.5224280406444806,-0.21512720617749773
LP002541,Male,Yes,0,Graduate,No,10833,0.0,234.0,360.0,1.0,Semiurban,Y,0.8887712683750529,-0.5540356092387769,1.0233739352950104
LP002543,Male,Yes,2,Graduate,No,8333,0.0,246.0,360.0,1.0,Semiurban,Y,0.47954177974826034,-0.5540356092387769,1.1635816116881246
LP002544,Male,Yes,1,Not Graduate,No,1958,2436.0,131.0,360.0,1.0,Rural,Y,-0.5639934162500607,0.2784296133376088,-0.18007528707921922
LP002545,Male,No,2,Graduate,No,3547,0.0,80.0,360.0,0.0,Rural,N,-0.3038871532788714,-0.5540356092387769,-0.7759579117499542
LP002547,Male,Yes,1,Graduate,No,18333,0.0,500.0,360.0,1.0,Urban,N,2.1164597342554305,-0.5540356092387769,4.13131076200904
LP002555,Male,Yes,2,Graduate,Yes,4583,2083.0,160.0,360.0,1.0,Semiurban,Y,-0.13430245319192854,0.15779733765227869,0.15875993087080661
LP002556,Male,No,0,Graduate,No,2435,0.0,75.0,360.0,1.0,Urban,N,-0.4859124298200687,-0.5540356092387769,-0.8343777769137518
LP002560,Male,No,0,Not Graduate,No,2699,2785.0,96.0,360.0,,Semiurban,Y,-0.44269779582107943,0.3976949510548332,-0.589014343225802
LP002562,Male,Yes,1,Not Graduate,No,5333,1131.0,186.0,360.0,,Urban,Y,-0.011533606603890764,-0.16753389875688357,0.4625432297225539
LP002571,Male,No,0,Not Graduate,No,3691,0.0,110.0,360.0,1.0,Rural,Y,-0.28031553473396814,-0.5540356092387769,-0.42543872076716893
LP002582,Female,No,0,Not Graduate,Yes,17263,0.0,225.0,360.0,1.0,Semiurban,Y,1.9413095131231632,-0.5540356092387769,0.9182181780001748
LP002585,Male,Yes,0,Graduate,No,3597,2157.0,119.0,360.0,0.0,Rural,N,-0.2957025635063355,0.18308569006223457,-0.3202829634723333
LP002586,Female,Yes,1,Graduate,No,3326,913.0,105.0,84.0,1.0,Semiurban,Y,-0.3400630400734798,-0.2420320180186455,-0.4838585859309665
LP002587,Male,Yes,0,Not Graduate,No,2600,1700.0,107.0,360.0,1.0,Rural,Y,-0.4589032835707004,0.026913027206155647,-0.46049063986544747
LP002588,Male,Yes,0,Graduate,No,4625,2857.0,111.0,12.0,,Urban,Y,-0.12742739778299841,0.42229983448073627,-0.4137547477344094
LP002600,Male,Yes,1,Graduate,Yes,2895,0.0,95.0,360.0,1.0,Semiurban,Y,-0.4106142039127389,-0.5540356092387769,-0.6006983162585616
LP002602,Male,No,0,Graduate,No,6283,4416.0,209.0,360.0,0.0,Rural,N,0.14397359907429041,0.955063907549942,0.7312746094760226
LP002603,Female,No,0,Graduate,No,645,3683.0,113.0,480.0,1.0,Rural,Y,-0.7789207436768522,0.7045725248945681,-0.3903868016688904
LP002606,Female,No,0,Graduate,No,3159,0.0,100.0,360.0,1.0,Semiurban,Y,-0.36739956991374956,-0.5540356092387769,-0.542278451094764
LP002615,Male,Yes,2,Graduate,No,4865,5624.0,208.0,360.0,1.0,Semiurban,Y,-0.08814136687482634,1.3678791739178706,0.7195906364432632
LP002618,Male,Yes,1,Not Graduate,No,4050,5302.0,138.0,360.0,,Rural,N,-0.22155018016716072,1.2578406674853597,-0.09828747584990263
LP002619,Male,Yes,0,Not Graduate,No,3814,1483.0,124.0,300.0,1.0,Semiurban,Y,-0.26018144389352993,-0.04724335756357987,-0.26186309830853577
LP002622,Male,Yes,2,Graduate,No,3510,4416.0,243.0,360.0,1.0,Rural,Y,-0.3099437497105479,0.955063907549942,1.128529692589846
LP002624,Male,Yes,0,Graduate,No,20833,6667.0,480.0,360.0,,Urban,Y,2.525689222882223,1.724308249101438,3.8976313013538495
LP002625,,No,0,Graduate,No,3583,0.0,96.0,360.0,1.0,Urban,N,-0.29799424864264557,-0.5540356092387769,-0.589014343225802
LP002626,Male,Yes,0,Graduate,Yes,2479,3013.0,188.0,360.0,1.0,Urban,Y,-0.4787099908202372,0.4756104152368595,0.4859111757880729
LP002634,Female,No,1,Graduate,No,13262,0.0,40.0,360.0,1.0,Urban,Y,1.2863786395248447,-0.5540356092387769,-1.2433168330603346
LP002637,Male,No,0,Not Graduate,No,3598,1287.0,100.0,360.0,1.0,Rural,N,-0.29553887171088483,-0.11422331800076033,-0.542278451094764
LP002640,Male,Yes,1,Graduate,No,6065,2004.0,250.0,360.0,1.0,Semiurban,Y,0.1082887876660341,0.13080031278219065,1.2103175038191625
LP002643,Male,Yes,2,Graduate,No,3283,2035.0,148.0,360.0,1.0,Urban,Y,-0.3471017872778607,0.14139408203501,0.018552254477692477
LP002648,Male,Yes,0,Graduate,No,2130,6666.0,70.0,180.0,1.0,Semiurban,N,-0.5358384274325374,1.7239665146094116,-0.8927976420775493
LP002652,Male,No,0,Graduate,No,5815,3666.0,311.0,360.0,1.0,Rural,N,0.06736583880335484,0.6987630385301189,1.9230398588174926
LP002659,Male,Yes,3+,Graduate,No,3466,3428.0,150.0,360.0,1.0,Rural,Y,-0.3171461887103795,0.6174302294278283,0.041920200543211494
LP002670,Female,Yes,2,Graduate,No,2031,1632.0,113.0,480.0,1.0,Semiurban,Y,-0.5520439151821583,0.0036750817483583434,-0.3903868016688904
LP002682,Male,Yes,,Not Graduate,No,3074,1800.0,123.0,360.0,0.0,Semiurban,N,-0.38131337252706055,0.06108647640879874,-0.2735470713412953
LP002683,Male,No,0,Graduate,No,4683,1915.0,185.0,360.0,1.0,Semiurban,N,-0.11793327364685684,0.1003859429918383,0.4508592566897944
LP002684,Female,No,0,Not Graduate,No,3400,0.0,95.0,360.0,1.0,Rural,N,-0.32794984721012677,-0.5540356092387769,-0.6006983162585616
LP002689,Male,Yes,2,Not Graduate,No,2192,1742.0,45.0,360.0,1.0,Semiurban,Y,-0.5256895361145929,0.04126587587126575,-1.184896967896537
LP002690,Male,No,0,Graduate,No,2500,0.0,55.0,360.0,1.0,Semiurban,Y,-0.4752724631157721,-0.5540356092387769,-1.068057237568942
LP002692,Male,Yes,3+,Graduate,Yes,5677,1424.0,100.0,360.0,1.0,Rural,Y,0.04477637103115589,-0.06740569259313929,-0.542278451094764
LP002693,Male,Yes,2,Graduate,Yes,7948,7166.0,480.0,360.0,1.0,Rural,Y,0.41652043849973425,1.894833760622627,3.8976313013538495
LP002699,Male,Yes,2,Graduate,Yes,17500,0.0,400.0,360.0,1.0,Rural,Y,1.9801044686449831,-0.5540356092387769,2.962913458733089
LP002705,Male,Yes,0,Graduate,No,3775,0.0,110.0,360.0,1.0,Semiurban,Y,-0.2665654239161079,-0.5540356092387769,-0.42543872076716893
LP002706,Male,Yes,1,Not Graduate,No,5285,1430.0,161.0,360.0,0.0,Semiurban,Y,-0.01939081278552518,-0.06535528564098071,0.17044390390356612
LP002714,Male,No,1,Not Graduate,No,2679,1302.0,94.0,360.0,1.0,Semiurban,Y,-0.44597163173009374,-0.10909730062036387,-0.6123822892913211
LP002716,Male,No,0,Not Graduate,No,6783,0.0,130.0,360.0,1.0,Semiurban,Y,0.22581949679964894,-0.5540356092387769,-0.19175926011197872
LP002717,Male,Yes,0,Graduate,No,1025,5500.0,216.0,360.0,,Rural,Y,-0.7167178614055797,1.3255040969065932,0.8130624207053392
LP002720,Male,Yes,3+,Graduate,No,4281,0.0,100.0,360.0,1.0,Urban,Y,-0.18373737541804508,-0.5540356092387769,-0.542278451094764
LP002723,Male,No,2,Graduate,No,3588,0.0,110.0,360.0,0.0,Rural,N,-0.297175789665392,-0.5540356092387769,-0.42543872076716893
LP002729,Male,No,1,Graduate,No,11250,0.0,196.0,360.0,,Semiurban,N,0.9570307470780018,-0.5540356092387769,0.579382960050149
LP002731,Female,No,0,Not Graduate,Yes,18165,0.0,125.0,360.0,1.0,Urban,Y,2.08895951261971,-0.5540356092387769,-0.2501791252757763
LP002732,Male,No,0,Not Graduate,,2550,2042.0,126.0,360.0,1.0,Rural,Y,-0.46708787334323626,0.14378622347919504,-0.23849515224301676
LP002734,Male,Yes,0,Graduate,No,6133,3906.0,324.0,360.0,1.0,Urban,Y,0.11941982975668286,0.7807793166164623,2.0749315082433664
LP002738,Male,No,2,Graduate,No,3617,0.0,107.0,360.0,1.0,Semiurban,Y,-0.2924287275973212,-0.5540356092387769,-0.46049063986544747
LP002739,Male,Yes,0,Not Graduate,No,2917,536.0,66.0,360.0,1.0,Rural,N,-0.4070129844128231,-0.37086592151260994,-0.9395335342085874
LP002740,Male,Yes,3+,Graduate,No,6417,0.0,157.0,180.0,1.0,Rural,Y,0.16590829966468648,-0.5540356092387769,0.12370801177252808
LP002741,Female,Yes,1,Graduate,No,4608,2845.0,140.0,180.0,1.0,Semiurban,Y,-0.1302101583056606,0.41819902057641906,-0.07491952978438361
LP002743,Female,No,0,Graduate,No,2138,0.0,99.0,360.0,0.0,Semiurban,N,-0.5345288930689317,-0.5540356092387769,-0.5539624241275235
LP002753,Female,No,1,Graduate,,3652,0.0,95.0,360.0,1.0,Semiurban,Y,-0.2866995147565461,-0.5540356092387769,-0.6006983162585616
LP002755,Male,Yes,1,Not Graduate,No,2239,2524.0,128.0,360.0,1.0,Urban,Y,-0.5179960217284092,0.30850224863593473,-0.21512720617749773
LP002757,Female,Yes,0,Not Graduate,No,3017,663.0,102.0,360.0,,Semiurban,Y,-0.3906438048677514,-0.3274656410252532,-0.518910505029245
LP002767,Male,Yes,0,Graduate,No,2768,1950.0,155.0,360.0,1.0,Rural,Y,-0.43140306193497996,0.11234665021276338,0.10034006570700905
LP002768,Male,No,0,Not Graduate,No,3358,0.0,80.0,36.0,1.0,Semiurban,N,-0.3348249026190569,-0.5540356092387769,-0.7759579117499542
LP002772,Male,No,0,Graduate,No,2526,1783.0,145.0,360.0,1.0,Rural,Y,-0.4710164764340535,0.05527699004434942,-0.016499664620586055
LP002776,Female,No,0,Graduate,No,5000,0.0,103.0,360.0,0.0,Semiurban,N,-0.06604297448897953,-0.5540356092387769,-0.5072265319964855
LP002777,Male,Yes,0,Graduate,No,2785,2016.0,110.0,360.0,1.0,Rural,Y,-0.4286203014123178,0.13490112668650783,-0.42543872076716893
LP002785,Male,Yes,1,Graduate,No,3333,3250.0,158.0,360.0,1.0,Urban,Y,-0.33891719750532484,0.5566014898471237,0.13539198480528758
LP002788,Male,Yes,0,Not Graduate,No,2454,2333.0,181.0,360.0,0.0,Urban,N,-0.4828022857065051,0.24323096065888644,0.4041233645587563
LP002789,Male,Yes,0,Graduate,No,3593,4266.0,132.0,180.0,0.0,Rural,N,-0.2963573306881384,0.9038037337459773,-0.16839131404645968
LP002792,Male,Yes,1,Graduate,No,5468,1032.0,26.0,360.0,1.0,Semiurban,Y,0.010564785781956035,-0.20136561346750023,-1.406892455518968
LP002794,Female,No,0,Graduate,No,2667,1625.0,84.0,360.0,,Urban,Y,-0.44793593327550235,0.0012829403041733267,-0.7292220196189162
LP002795,Male,Yes,3+,Graduate,Yes,10139,0.0,260.0,360.0,1.0,Semiurban,Y,0.7751691623322553,-0.5540356092387769,1.3271572341467577
LP002798,Male,Yes,0,Graduate,No,3887,2669.0,162.0,360.0,1.0,Semiurban,Y,-0.24823194282562758,0.35805374997976724,0.18212787693632562
LP002804,Female,Yes,0,Graduate,No,4180,2306.0,182.0,360.0,1.0,Semiurban,Y,-0.2002702467585675,0.2340041293741728,0.41580733759151584
LP002807,Male,Yes,2,Not Graduate,No,3675,242.0,108.0,360.0,1.0,Semiurban,Y,-0.2829346034611796,-0.47133586216838064,-0.44880666683268794
LP002813,Female,Yes,1,Graduate,Yes,19484,0.0,600.0,360.0,1.0,Semiurban,Y,2.3048689908192057,-0.5540356092387769,5.299708065284991
LP002820,Male,Yes,0,Graduate,No,5923,2054.0,211.0,360.0,1.0,Rural,Y,0.08504455271203229,0.1478870373835122,0.7546425555415417
LP002821,Male,No,0,Not Graduate,Yes,5800,0.0,132.0,360.0,1.0,Semiurban,Y,0.06491046187159409,-0.5540356092387769,-0.16839131404645968
LP002832,Male,Yes,2,Graduate,No,8799,0.0,258.0,360.0,0.0,Urban,N,0.5558221564282945,-0.5540356092387769,1.3037892880812387
LP002833,Male,Yes,0,Not Graduate,No,4467,0.0,120.0,360.0,,Rural,Y,-0.1532907014642117,-0.5540356092387769,-0.30859899043957384
LP002836,Male,No,0,Graduate,No,3333,0.0,70.0,360.0,1.0,Urban,Y,-0.33891719750532484,-0.5540356092387769,-0.8927976420775493
LP002837,Male,Yes,3+,Graduate,No,3400,2500.0,123.0,360.0,0.0,Rural,N,-0.32794984721012677,0.3003006208273004,-0.2735470713412953
LP002840,Female,No,0,Graduate,No,2378,0.0,9.0,360.0,1.0,Urban,N,-0.4952428621607596,-0.5540356092387769,-1.6055199970758796
LP002841,Male,Yes,0,Graduate,No,3166,2064.0,104.0,360.0,0.0,Urban,N,-0.3662537273455946,0.15130438230377652,-0.495542558963726
LP002842,Male,Yes,1,Graduate,No,3417,1750.0,186.0,360.0,1.0,Urban,Y,-0.3251670866874646,0.04399975180747719,0.4625432297225539
LP002847,Male,Yes,,Graduate,No,5116,1451.0,165.0,360.0,0.0,Urban,N,-0.04705472621669636,-0.05817886130842566,0.21717979603460416
LP002855,Male,Yes,2,Graduate,No,16666,0.0,275.0,360.0,1.0,Urban,Y,1.843585511239085,-0.5540356092387769,1.5024168296381504
LP002862,Male,Yes,2,Not Graduate,No,6125,1625.0,187.0,480.0,1.0,Semiurban,N,0.11811029539307712,0.0012829403041733267,0.4742272027553134
LP002863,Male,Yes,3+,Graduate,No,6406,0.0,150.0,360.0,1.0,Semiurban,N,0.1641076899147286,-0.5540356092387769,0.041920200543211494
LP002868,Male,Yes,2,Graduate,No,3159,461.0,108.0,84.0,1.0,Urban,Y,-0.36739956991374956,-0.39649600841459226,-0.44880666683268794
LP002872,,Yes,0,Graduate,No,3087,2210.0,136.0,360.0,0.0,Semiurban,N,-0.3791853791862012,0.20119761813963544,-0.12165542191542165
LP002874,Male,No,0,Graduate,No,3229,2739.0,110.0,360.0,1.0,Urban,Y,-0.3559411442321994,0.3819751644216174,-0.42543872076716893
LP002877,Male,Yes,1,Graduate,No,1782,2232.0,107.0,360.0,1.0,Rural,Y,-0.592803172249387,0.20871577696421692,-0.46049063986544747
LP002888,Male,No,0,Graduate,,3182,2917.0,161.0,360.0,1.0,Urban,Y,-0.36363465861838307,0.4428039040023221,0.17044390390356612
LP002892,Male,Yes,2,Graduate,No,6540,0.0,205.0,360.0,1.0,Semiurban,Y,0.1860423905051247,-0.5540356092387769,0.6845387173449846
LP002893,Male,No,0,Graduate,No,1836,33837.0,90.0,360.0,1.0,Urban,N,-0.5839638152950483,11.009234397459567,-0.6591181814223591
LP002894,Female,Yes,0,Graduate,No,3166,0.0,36.0,360.0,1.0,Semiurban,Y,-0.3662537273455946,-0.5540356092387769,-1.2900527251913727
LP002898,Male,Yes,1,Graduate,No,1880,0.0,61.0,360.0,,Rural,N,-0.5767613762952166,-0.5540356092387769,-0.9979533993723849
LP002911,Male,Yes,1,Graduate,No,2787,1917.0,146.0,360.0,0.0,Rural,N,-0.4282929178214163,0.10106941197589116,-0.004815691587826546
LP002912,Male,Yes,1,Graduate,No,4283,3000.0,172.0,84.0,1.0,Rural,N,-0.18340999182714365,0.47116786684051587,0.29896760726392074
LP002916,Male,Yes,0,Graduate,No,2297,1522.0,104.0,360.0,1.0,Urban,Y,-0.5085018975922677,-0.03391571237454906,-0.495542558963726
LP002917,Female,No,0,Not Graduate,No,2165,0.0,70.0,360.0,1.0,Semiurban,Y,-0.5301092145917623,-0.5540356092387769,-0.8927976420775493
LP002925,,No,0,Graduate,No,4750,0.0,94.0,360.0,1.0,Semiurban,Y,-0.10696592335165879,-0.5540356092387769,-0.6123822892913211
LP002926,Male,Yes,2,Graduate,Yes,2726,0.0,106.0,360.0,0.0,Semiurban,N,-0.43827811734391003,-0.5540356092387769,-0.47217461289820695
LP002928,Male,Yes,0,Graduate,No,3000,3416.0,56.0,180.0,1.0,Semiurban,Y,-0.3934265653904136,0.6133294155235112,-1.0563732645361825
LP002931,Male,Yes,2,Graduate,Yes,6000,0.0,205.0,240.0,1.0,Semiurban,N,0.09764882096173749,-0.5540356092387769,0.6845387173449846
LP002933,,No,3+,Graduate,Yes,9357,0.0,292.0,360.0,1.0,Semiurban,Y,0.6471621782897946,-0.5540356092387769,1.701044371195062
LP002936,Male,Yes,0,Graduate,No,3859,3300.0,142.0,180.0,1.0,Rural,Y,-0.2528153130982477,0.5736882144484452,-0.05155158371886459
LP002938,Male,Yes,0,Graduate,Yes,16120,0.0,260.0,360.0,1.0,Urban,Y,1.7542097909229937,-0.5540356092387769,1.3271572341467577
LP002940,Male,No,0,Not Graduate,No,3833,0.0,110.0,360.0,1.0,Rural,Y,-0.2570712997799663,-0.5540356092387769,-0.42543872076716893
LP002941,Male,Yes,2,Not Graduate,Yes,6383,1000.0,187.0,360.0,1.0,Rural,N,0.1603427786193621,-0.212301117212346,0.4742272027553134
LP002943,Male,No,,Graduate,No,2987,0.0,88.0,360.0,0.0,Semiurban,N,-0.39555455873127293,-0.5540356092387769,-0.6824861274878782
LP002945,Male,Yes,0,Graduate,Yes,9963,0.0,180.0,360.0,1.0,Rural,Y,0.7463594063329291,-0.5540356092387769,0.39243939152599683
LP002948,Male,Yes,2,Graduate,No,5780,0.0,192.0,360.0,1.0,Urban,Y,0.061636625962579746,-0.5540356092387769,0.532647067919111
LP002949,Female,No,3+,Graduate,,416,41667.0,350.0,180.0,,Urban,N,-0.8164061648350663,13.68501547002652,2.3787148070951134
LP002950,Male,Yes,0,Not Graduate,,2894,2792.0,155.0,360.0,1.0,Rural,Y,-0.4107778957081896,0.40008709249901825,0.10034006570700905
LP002953,Male,Yes,3+,Graduate,No,5703,0.0,128.0,360.0,1.0,Urban,Y,0.049032357712874536,-0.5540356092387769,-0.21512720617749773
LP002958,Male,No,0,Graduate,No,3676,4301.0,172.0,360.0,1.0,Rural,Y,-0.2827709116657289,0.9157644409669025,0.29896760726392074
LP002959,Female,Yes,1,Graduate,No,12000,0.0,496.0,360.0,1.0,Semiurban,Y,1.0797995936660396,-0.5540356092387769,4.084574869878002
LP002961,Male,Yes,1,Graduate,No,3400,2500.0,173.0,360.0,1.0,Semiurban,Y,-0.32794984721012677,0.3003006208273004,0.3106515802966802
LP002964,Male,Yes,2,Not Graduate,No,3987,1411.0,157.0,360.0,1.0,Rural,Y,-0.23186276328055588,-0.07184824098948289,0.12370801177252808
LP002974,Male,Yes,0,Graduate,No,3232,1950.0,108.0,360.0,1.0,Rural,Y,-0.35545006884584723,0.11234665021276338,-0.44880666683268794
LP002978,Female,No,0,Graduate,No,2900,0.0,71.0,360.0,1.0,Rural,Y,-0.4097957449354853,-0.5540356092387769,-0.8811136690447898
LP002979,Male,Yes,3+,Graduate,No,4106,0.0,40.0,180.0,1.0,Rural,Y,-0.21238343962192055,-0.5540356092387769,-1.2433168330603346
LP002983,Male,Yes,1,Graduate,No,8072,240.0,253.0,360.0,1.0,Urban,Y,0.4368182211356232,-0.47201933115243355,1.245369422917441
LP002984,Male,Yes,2,Graduate,No,7583,0.0,187.0,360.0,1.0,Urban,Y,0.35677293316022257,-0.5540356092387769,0.4742272027553134
LP002990,Female,No,0,Graduate,Yes,4583,0.0,133.0,360.0,0.0,Semiurban,N,-0.13430245319192854,-0.5540356092387769,-0.15670734101370018
