,Loan_ID,Gender,Married,Dependents,Education,Self_Employed,ApplicantIncome,CoapplicantIncome,LoanAmount,Loan_Amount_Term,Credit_History,Property_Area,Loan_Status,LoanAmount_log,TotalIncome,TotalIncome_log,EMI,BalanceIncome
0,LP001002,Male,No,0.0,Graduate,No,5849,0.0,128.0,360.0,1.0,Urban,1,4.852030263919617,5849.0,8.674025985443025,0.35555555555555557,5493.444444444444
1,LP001003,Male,Yes,1.0,Graduate,No,4583,1508.0,128.0,360.0,1.0,Rural,0,4.852030263919617,6091.0,8.714567550836485,0.35555555555555557,5735.444444444444
2,LP001005,Male,Yes,0.0,Graduate,Yes,3000,0.0,66.0,360.0,1.0,Urban,1,4.189654742026425,3000.0,8.006367567650246,0.18333333333333332,2816.6666666666665
3,LP001006,Male,Yes,0.0,Not Graduate,No,2583,2358.0,120.0,360.0,1.0,Urban,1,4.787491742782046,4941.0,8.50532301884575,0.3333333333333333,4607.666666666667
4,LP001008,Male,No,0.0,Graduate,No,6000,0.0,141.0,360.0,1.0,Urban,1,4.948759890378168,6000.0,8.699514748210191,0.39166666666666666,5608.333333333333
5,LP001011,Male,Yes,2.0,Graduate,Yes,5417,4196.0,267.0,360.0,1.0,Urban,1,5.58724865840025,9613.0,9.170871628065816,0.7416666666666667,8871.333333333334
6,LP001013,Male,Yes,0.0,Not Graduate,No,2333,1516.0,95.0,360.0,1.0,Urban,1,4.553876891600541,3849.0,8.255568653283746,0.2638888888888889,3585.1111111111113
7,LP001014,Male,Yes,3.0,Graduate,No,3036,2504.0,158.0,360.0,0.0,Semiurban,0,5.062595033026967,5540.0,8.61974977974133,0.4388888888888889,5101.111111111111
8,LP001018,Male,Yes,2.0,Graduate,No,4006,1526.0,168.0,360.0,1.0,Urban,1,5.123963979403259,5532.0,8.61830469278465,0.4666666666666667,5065.333333333333
9,LP001020,Male,Yes,1.0,Graduate,No,12841,10968.0,349.0,360.0,1.0,Semiurban,0,5.855071922202427,23809.0,10.077818939438902,0.9694444444444444,22839.555555555555
10,LP001024,Male,Yes,2.0,Graduate,No,3200,700.0,70.0,360.0,1.0,Urban,1,4.248495242049359,3900.0,8.268731832117737,0.19444444444444445,3705.5555555555557
11,LP001027,Male,Yes,2.0,Graduate,No,2500,1840.0,109.0,360.0,1.0,Urban,1,4.6913478822291435,4340.0,8.375629627094451,0.30277777777777776,4037.222222222222
12,LP001028,Male,Yes,2.0,Graduate,No,3073,8106.0,200.0,360.0,1.0,Urban,1,5.298317366548036,11179.0,9.321792297270326,0.5555555555555556,10623.444444444445
13,LP001029,Male,No,0.0,Graduate,No,1853,2840.0,114.0,360.0,1.0,Rural,0,4.736198448394496,4693.0,8.453827315794417,0.31666666666666665,4376.333333333333
14,LP001030,Male,Yes,2.0,Graduate,No,1299,1086.0,17.0,120.0,1.0,Urban,1,2.833213344056216,2385.0,7.776954403322442,0.14166666666666666,2243.3333333333335
15,LP001032,Male,No,0.0,Graduate,No,4950,0.0,125.0,360.0,1.0,Urban,1,4.8283137373023015,4950.0,8.507142855562735,0.3472222222222222,4602.777777777777
16,LP001034,Male,No,1.0,Not Graduate,No,3596,0.0,100.0,240.0,1.0,Urban,1,4.605170185988092,3596.0,8.18757739559151,0.4166666666666667,3179.3333333333335
17,LP001036,Female,No,0.0,Graduate,No,3510,0.0,76.0,360.0,0.0,Urban,0,4.330733340286331,3510.0,8.163371316459912,0.2111111111111111,3298.8888888888887
18,LP001038,Male,Yes,0.0,Not Graduate,No,4887,0.0,133.0,360.0,1.0,Rural,0,4.890349128221754,4887.0,8.494333897270154,0.36944444444444446,4517.555555555556
19,LP001041,Male,Yes,0.0,Graduate,No,2600,3500.0,115.0,360.0,1.0,Urban,1,4.74493212836325,6100.0,8.716044050161402,0.3194444444444444,5780.555555555556
20,LP001043,Male,Yes,0.0,Not Graduate,No,7660,0.0,104.0,360.0,0.0,Urban,0,4.6443908991413725,7660.0,8.943767262734637,0.28888888888888886,7371.111111111111
21,LP001046,Male,Yes,1.0,Graduate,No,5955,5625.0,315.0,360.0,1.0,Urban,1,5.752572638825633,11580.0,9.357034751126987,0.875,10705.0
22,LP001047,Male,Yes,0.0,Not Graduate,No,2600,1911.0,116.0,360.0,0.0,Semiurban,0,4.7535901911063645,4511.0,8.414274137408396,0.32222222222222224,4188.777777777777
23,LP001050,Male,Yes,2.0,Not Graduate,No,3365,1917.0,112.0,360.0,0.0,Rural,0,4.718498871295094,5282.0,8.572060092857077,0.3111111111111111,4970.888888888889
24,LP001052,Male,Yes,1.0,Graduate,No,3717,2925.0,151.0,360.0,1.0,Semiurban,0,5.017279836814924,6642.0,8.801168401936692,0.41944444444444445,6222.555555555556
25,LP001066,Male,Yes,0.0,Graduate,Yes,9560,0.0,191.0,360.0,1.0,Semiurban,1,5.25227342804663,9560.0,9.165343006045447,0.5305555555555556,9029.444444444445
26,LP001068,Male,Yes,0.0,Graduate,No,2799,2253.0,122.0,360.0,1.0,Semiurban,1,4.804021044733257,5052.0,8.527539483470381,0.3388888888888889,4713.111111111111
27,LP001073,Male,Yes,2.0,Not Graduate,No,4226,1040.0,110.0,360.0,1.0,Urban,1,4.700480365792417,5266.0,8.569026340056254,0.3055555555555556,4960.444444444444
28,LP001086,Male,No,0.0,Not Graduate,No,1442,0.0,35.0,360.0,1.0,Urban,0,3.5553480614894135,1442.0,7.273786317844895,0.09722222222222222,1344.7777777777778
29,LP001087,Female,No,2.0,Graduate,No,3750,2083.0,120.0,360.0,1.0,Semiurban,1,4.787491742782046,5833.0,8.671286726753637,0.3333333333333333,5499.666666666667
30,LP001091,Male,Yes,1.0,Graduate,No,4166,3369.0,201.0,360.0,1.0,Urban,0,5.303304908059076,7535.0,8.927314111060596,0.5583333333333333,6976.666666666667
31,LP001095,Male,No,0.0,Graduate,No,3167,0.0,74.0,360.0,1.0,Urban,0,4.30406509320417,3167.0,8.06054004653864,0.20555555555555555,2961.4444444444443
32,LP001097,Male,No,1.0,Graduate,Yes,4692,0.0,106.0,360.0,1.0,Rural,0,4.663439094112067,4692.0,8.453614209773367,0.29444444444444445,4397.555555555556
33,LP001098,Male,Yes,0.0,Graduate,No,3500,1667.0,114.0,360.0,1.0,Semiurban,1,4.736198448394496,5167.0,8.550047528287184,0.31666666666666665,4850.333333333333
34,LP001100,Male,No,3.0,Graduate,No,12500,3000.0,320.0,360.0,1.0,Rural,0,5.768320995793772,15500.0,9.648595302907339,0.8888888888888888,14611.111111111111
35,LP001106,Male,Yes,0.0,Graduate,No,2275,2067.0,128.0,360.0,1.0,Urban,1,4.852030263919617,4342.0,8.376090350438238,0.35555555555555557,3986.4444444444443
36,LP001109,Male,Yes,0.0,Graduate,No,1828,1330.0,100.0,360.0,0.0,Urban,0,4.605170185988092,3158.0,8.057694194815587,0.2777777777777778,2880.222222222222
37,LP001112,Female,Yes,0.0,Graduate,No,3667,1459.0,144.0,360.0,1.0,Semiurban,1,4.969813299576001,5126.0,8.542080906924017,0.4,4726.0
38,LP001114,Male,No,0.0,Graduate,No,4166,7210.0,184.0,360.0,1.0,Urban,1,5.214935757608986,11376.0,9.339261152043022,0.5111111111111111,10864.888888888889
39,LP001116,Male,No,0.0,Not Graduate,No,3748,1668.0,110.0,360.0,1.0,Semiurban,1,4.700480365792417,5416.0,8.59711281459211,0.3055555555555556,5110.444444444444
40,LP001119,Male,No,0.0,Graduate,No,3600,0.0,80.0,360.0,1.0,Urban,0,4.382026634673881,3600.0,8.1886891244442,0.2222222222222222,3377.777777777778
41,LP001120,Male,No,0.0,Graduate,No,1800,1213.0,47.0,360.0,1.0,Urban,1,3.8501476017100584,3013.0,8.0106915391303,0.13055555555555556,2882.4444444444443
42,LP001123,Male,Yes,0.0,Graduate,No,2400,0.0,75.0,360.0,1.0,Urban,1,4.31748811353631,2400.0,7.783224016336037,0.20833333333333334,2191.6666666666665
43,LP001131,Male,Yes,0.0,Graduate,No,3941,2336.0,134.0,360.0,1.0,Semiurban,1,4.897839799950911,6277.0,8.744647438317532,0.37222222222222223,5904.777777777777
44,LP001136,Male,Yes,0.0,Not Graduate,Yes,4695,0.0,96.0,360.0,1.0,Urban,1,4.564348191467836,4695.0,8.454253391642363,0.26666666666666666,4428.333333333333
45,LP001137,Female,No,0.0,Graduate,No,3410,0.0,88.0,360.0,1.0,Urban,1,4.477336814478207,3410.0,8.134467570277563,0.24444444444444444,3165.5555555555557
46,LP001138,Male,Yes,1.0,Graduate,No,5649,0.0,44.0,360.0,1.0,Urban,1,3.784189633918261,5649.0,8.639233817325263,0.12222222222222222,5526.777777777777
47,LP001144,Male,Yes,0.0,Graduate,No,5821,0.0,144.0,360.0,1.0,Urban,1,4.969813299576001,5821.0,8.669227347271736,0.4,5421.0
48,LP001146,Female,Yes,0.0,Graduate,No,2645,3440.0,120.0,360.0,0.0,Urban,0,4.787491742782046,6085.0,8.713582005421628,0.3333333333333333,5751.666666666667
49,LP001151,Female,No,0.0,Graduate,No,4000,2275.0,144.0,360.0,1.0,Semiurban,1,4.969813299576001,6275.0,8.744328763999984,0.4,5875.0
50,LP001155,Female,Yes,0.0,Not Graduate,No,1928,1644.0,100.0,360.0,1.0,Semiurban,1,4.605170185988092,3572.0,8.18088094199639,0.2777777777777778,3294.222222222222
51,LP001157,Female,No,0.0,Graduate,No,3086,0.0,120.0,360.0,1.0,Semiurban,1,4.787491742782046,3086.0,8.034631032923107,0.3333333333333333,2752.6666666666665
52,LP001164,Female,No,0.0,Graduate,No,4230,0.0,112.0,360.0,1.0,Semiurban,0,4.718498871295094,4230.0,8.349957272040324,0.3111111111111111,3918.8888888888887
53,LP001179,Male,Yes,2.0,Graduate,No,4616,0.0,134.0,360.0,1.0,Urban,0,4.897839799950911,4616.0,8.437283808187935,0.37222222222222223,4243.777777777777
54,LP001186,Female,Yes,1.0,Graduate,Yes,11500,0.0,286.0,360.0,0.0,Urban,0,5.655991810819852,11500.0,9.350102314351341,0.7944444444444444,10705.555555555555
55,LP001194,Male,Yes,2.0,Graduate,No,2708,1167.0,97.0,360.0,1.0,Semiurban,1,4.574710978503383,3875.0,8.262300941787448,0.26944444444444443,3605.5555555555557
56,LP001195,Male,Yes,0.0,Graduate,No,2132,1591.0,96.0,360.0,1.0,Semiurban,1,4.564348191467836,3723.0,8.222285073872717,0.26666666666666666,3456.3333333333335
57,LP001197,Male,Yes,0.0,Graduate,No,3366,2200.0,135.0,360.0,1.0,Rural,0,4.90527477843843,5566.0,8.624431942085836,0.375,5191.0
58,LP001198,Male,Yes,1.0,Graduate,No,8080,2250.0,180.0,360.0,1.0,Urban,1,5.19295685089021,10330.0,9.242807562113684,0.5,9830.0
59,LP001199,Male,Yes,2.0,Not Graduate,No,3357,2859.0,144.0,360.0,1.0,Urban,1,4.969813299576001,6216.0,8.734881892047483,0.4,5816.0
60,LP001205,Male,Yes,0.0,Graduate,No,2500,3796.0,120.0,360.0,1.0,Urban,1,4.787491742782046,6296.0,8.74766979009724,0.3333333333333333,5962.666666666667
61,LP001206,Male,Yes,3.0,Graduate,No,3029,0.0,99.0,360.0,1.0,Urban,1,4.59511985013459,3029.0,8.015987811027237,0.275,2754.0
62,LP001207,Male,Yes,0.0,Not Graduate,Yes,2609,3449.0,165.0,180.0,0.0,Rural,0,5.10594547390058,6058.0,8.709134991587183,0.9166666666666666,5141.333333333333
63,LP001213,Male,Yes,1.0,Graduate,No,4945,0.0,128.0,360.0,0.0,Rural,0,4.852030263919617,4945.0,8.506132244056813,0.35555555555555557,4589.444444444444
64,LP001222,Female,No,0.0,Graduate,No,4166,0.0,116.0,360.0,0.0,Semiurban,0,4.7535901911063645,4166.0,8.334711621820917,0.32222222222222224,3843.777777777778
65,LP001225,Male,Yes,0.0,Graduate,No,5726,4595.0,258.0,360.0,1.0,Semiurban,0,5.552959584921617,10321.0,9.241935933565934,0.7166666666666667,9604.333333333334
66,LP001228,Male,No,0.0,Not Graduate,No,3200,2254.0,126.0,180.0,0.0,Urban,0,4.836281906951478,5454.0,8.604104563405533,0.7,4754.0
67,LP001233,Male,Yes,1.0,Graduate,No,10750,0.0,312.0,360.0,1.0,Urban,1,5.7430031878094825,10750.0,9.28266103355581,0.8666666666666667,9883.333333333334
68,LP001238,Male,Yes,3.0,Not Graduate,Yes,7100,0.0,125.0,60.0,1.0,Urban,1,4.8283137373023015,7100.0,8.867850063029406,2.0833333333333335,5016.666666666666
69,LP001241,Female,No,0.0,Graduate,No,4300,0.0,136.0,360.0,0.0,Semiurban,0,4.912654885736052,4300.0,8.366370301681654,0.37777777777777777,3922.222222222222
70,LP001243,Male,Yes,0.0,Graduate,No,3208,3066.0,172.0,360.0,1.0,Urban,1,5.147494476813453,6274.0,8.744169388750624,0.4777777777777778,5796.222222222223
71,LP001245,Male,Yes,2.0,Not Graduate,Yes,1875,1875.0,97.0,360.0,1.0,Semiurban,1,4.574710978503383,3750.0,8.229511118964457,0.26944444444444443,3480.5555555555557
72,LP001248,Male,No,0.0,Graduate,No,3500,0.0,81.0,300.0,1.0,Semiurban,1,4.394449154672439,3500.0,8.160518247477505,0.27,3230.0
73,LP001250,Male,Yes,3.0,Not Graduate,No,4755,0.0,95.0,360.0,0.0,Semiurban,0,4.553876891600541,4755.0,8.46695197497949,0.2638888888888889,4491.111111111111
74,LP001253,Male,Yes,3.0,Graduate,Yes,5266,1774.0,187.0,360.0,1.0,Semiurban,1,5.231108616854587,7040.0,8.859363449152088,0.5194444444444445,6520.555555555556
75,LP001255,Male,No,0.0,Graduate,No,3750,0.0,113.0,480.0,1.0,Urban,0,4.727387818712341,3750.0,8.229511118964457,0.23541666666666666,3514.5833333333335
76,LP001256,Male,No,0.0,Graduate,No,3750,4750.0,176.0,360.0,1.0,Urban,0,5.170483995038151,8500.0,9.047821442478408,0.4888888888888889,8011.111111111111
77,LP001259,Male,Yes,1.0,Graduate,Yes,1000,3022.0,110.0,360.0,1.0,Urban,0,4.700480365792417,4022.0,8.299534570332597,0.3055555555555556,3716.4444444444443
78,LP001263,Male,Yes,3.0,Graduate,No,3167,4000.0,180.0,300.0,0.0,Semiurban,0,5.19295685089021,7167.0,8.877242435993919,0.6,6567.0
79,LP001264,Male,Yes,3.0,Not Graduate,Yes,3333,2166.0,130.0,360.0,1.0,Semiurban,1,4.867534450455582,5499.0,8.612321536507814,0.3611111111111111,5137.888888888889
80,LP001265,Female,No,0.0,Graduate,No,3846,0.0,111.0,360.0,1.0,Semiurban,1,4.709530201312334,3846.0,8.254788926148725,0.30833333333333335,3537.6666666666665
81,LP001266,Male,Yes,1.0,Graduate,Yes,2395,0.0,128.0,360.0,1.0,Semiurban,1,4.852030263919617,2395.0,7.781138509845015,0.35555555555555557,2039.4444444444443
82,LP001267,Female,Yes,2.0,Graduate,No,1378,1881.0,167.0,360.0,1.0,Urban,0,5.117993812416755,3259.0,8.089175678837561,0.4638888888888889,2795.1111111111113
83,LP001273,Male,Yes,0.0,Graduate,No,6000,2250.0,265.0,360.0,1.0,Semiurban,0,5.579729825986222,8250.0,9.017968479328726,0.7361111111111112,7513.888888888889
84,LP001275,Male,Yes,1.0,Graduate,No,3988,0.0,50.0,240.0,1.0,Urban,1,3.912023005428146,3988.0,8.291045131081729,0.20833333333333334,3779.6666666666665
85,LP001279,Male,No,0.0,Graduate,No,2366,2531.0,136.0,360.0,1.0,Semiurban,1,4.912654885736052,4897.0,8.496378051702317,0.37777777777777777,4519.222222222223
86,LP001280,Male,Yes,2.0,Not Graduate,No,3333,2000.0,99.0,360.0,1.0,Semiurban,1,4.59511985013459,5333.0,8.581669210600602,0.275,5058.0
87,LP001282,Male,Yes,0.0,Graduate,No,2500,2118.0,104.0,360.0,1.0,Semiurban,1,4.6443908991413725,4618.0,8.43771698991444,0.28888888888888886,4329.111111111111
88,LP001289,Male,No,0.0,Graduate,No,8566,0.0,210.0,360.0,1.0,Urban,1,5.3471075307174685,8566.0,9.055556158175316,0.5833333333333334,7982.666666666667
89,LP001310,Male,Yes,0.0,Graduate,No,5695,4167.0,175.0,360.0,1.0,Semiurban,1,5.1647859739235145,9862.0,9.196444266784072,0.4861111111111111,9375.888888888889
90,LP001316,Male,Yes,0.0,Graduate,No,2958,2900.0,131.0,360.0,1.0,Semiurban,1,4.875197323201151,5858.0,8.675563527387679,0.3638888888888889,5494.111111111111
91,LP001318,Male,Yes,2.0,Graduate,No,6250,5654.0,188.0,180.0,1.0,Semiurban,1,5.236441962829949,11904.0,9.384629757072872,1.0444444444444445,10859.555555555555
92,LP001319,Male,Yes,2.0,Not Graduate,No,3273,1820.0,81.0,360.0,1.0,Urban,1,4.394449154672439,5093.0,8.535622326884605,0.225,4868.0
93,LP001322,Male,No,0.0,Graduate,No,4133,0.0,122.0,360.0,1.0,Semiurban,1,4.804021044733257,4133.0,8.326758814511733,0.3388888888888889,3794.1111111111113
94,LP001325,Male,No,0.0,Not Graduate,No,3620,0.0,25.0,120.0,1.0,Semiurban,1,3.2188758248682006,3620.0,8.194229304819817,0.20833333333333334,3411.6666666666665
95,LP001326,Male,No,0.0,Graduate,No,6782,0.0,128.0,360.0,1.0,Urban,0,4.852030263919617,6782.0,8.822027322685583,0.35555555555555557,6426.444444444444
96,LP001327,Female,Yes,0.0,Graduate,No,2484,2302.0,137.0,360.0,1.0,Semiurban,1,4.919980925828125,4786.0,8.47345026846832,0.38055555555555554,4405.444444444444
97,LP001333,Male,Yes,0.0,Graduate,No,1977,997.0,50.0,360.0,1.0,Semiurban,1,3.912023005428146,2974.0,7.9976631270201,0.1388888888888889,2835.1111111111113
98,LP001334,Male,Yes,0.0,Not Graduate,No,4188,0.0,115.0,180.0,1.0,Semiurban,1,4.74493212836325,4188.0,8.339978571990427,0.6388888888888888,3549.1111111111113
99,LP001343,Male,Yes,0.0,Graduate,No,1759,3541.0,131.0,360.0,1.0,Semiurban,1,4.875197323201151,5300.0,8.575462099540212,0.3638888888888889,4936.111111111111
100,LP001345,Male,Yes,2.0,Not Graduate,No,4288,3263.0,133.0,180.0,1.0,Urban,1,4.890349128221754,7551.0,8.929435283803425,0.7388888888888889,6812.111111111111
101,LP001349,Male,No,0.0,Graduate,No,4843,3806.0,151.0,360.0,1.0,Semiurban,1,5.017279836814924,8649.0,9.065198986306513,0.41944444444444445,8229.555555555555
102,LP001350,Male,Yes,0.0,Graduate,No,13650,0.0,128.0,360.0,1.0,Urban,1,4.852030263919617,13650.0,9.521494800613105,0.35555555555555557,13294.444444444445
103,LP001356,Male,Yes,0.0,Graduate,No,4652,3583.0,128.0,360.0,1.0,Semiurban,1,4.852030263919617,8235.0,9.016148642611741,0.35555555555555557,7879.444444444444
104,LP001357,Male,Yes,0.0,Graduate,No,3816,754.0,160.0,360.0,1.0,Urban,1,5.075173815233827,4570.0,8.42726848388825,0.4444444444444444,4125.555555555556
105,LP001367,Male,Yes,1.0,Graduate,No,3052,1030.0,100.0,360.0,1.0,Urban,1,4.605170185988092,4082.0,8.31434234336979,0.2777777777777778,3804.222222222222
106,LP001369,Male,Yes,2.0,Graduate,No,11417,1126.0,225.0,360.0,1.0,Urban,1,5.41610040220442,12543.0,9.436918020024674,0.625,11918.0
107,LP001370,Male,No,0.0,Not Graduate,No,7333,0.0,120.0,360.0,1.0,Rural,0,4.787491742782046,7333.0,8.9001399880938,0.3333333333333333,6999.666666666667
108,LP001379,Male,Yes,2.0,Graduate,No,3800,3600.0,216.0,360.0,0.0,Urban,0,5.375278407684165,7400.0,8.909235279192261,0.6,6800.0
109,LP001384,Male,Yes,3.0,Not Graduate,No,2071,754.0,94.0,480.0,1.0,Semiurban,1,4.543294782270004,2825.0,7.946263643580541,0.19583333333333333,2629.1666666666665
110,LP001385,Male,No,0.0,Graduate,No,5316,0.0,136.0,360.0,1.0,Urban,1,4.912654885736052,5316.0,8.578476419833136,0.37777777777777777,4938.222222222223
111,LP001387,Female,Yes,0.0,Graduate,No,2929,2333.0,139.0,360.0,1.0,Semiurban,1,4.9344739331306915,5262.0,8.568266461600238,0.3861111111111111,4875.888888888889
112,LP001391,Male,Yes,0.0,Not Graduate,No,3572,4114.0,152.0,360.0,0.0,Rural,0,5.0238805208462765,7686.0,8.94715577112479,0.4222222222222222,7263.777777777777
113,LP001392,Female,No,1.0,Graduate,Yes,7451,0.0,128.0,360.0,1.0,Semiurban,1,4.852030263919617,7451.0,8.916103530553727,0.35555555555555557,7095.444444444444
114,LP001398,Male,No,0.0,Graduate,No,5050,0.0,118.0,360.0,1.0,Semiurban,1,4.770684624465665,5050.0,8.527143522269405,0.3277777777777778,4722.222222222223
115,LP001401,Male,Yes,1.0,Graduate,No,14583,0.0,185.0,180.0,1.0,Rural,1,5.220355825078324,14583.0,9.587611745713565,1.0277777777777777,13555.222222222223
116,LP001404,Female,Yes,0.0,Graduate,No,3167,2283.0,154.0,360.0,1.0,Semiurban,1,5.0369526024136295,5450.0,8.60337088765729,0.42777777777777776,5022.222222222223
117,LP001405,Male,Yes,1.0,Graduate,No,2214,1398.0,85.0,360.0,1.0,Urban,1,4.442651256490317,3612.0,8.192016914536875,0.2361111111111111,3375.8888888888887
118,LP001421,Male,Yes,0.0,Graduate,No,5568,2142.0,175.0,360.0,1.0,Rural,0,5.1647859739235145,7710.0,8.950273466557375,0.4861111111111111,7223.888888888889
119,LP001422,Female,No,0.0,Graduate,No,10408,0.0,259.0,360.0,1.0,Urban,1,5.556828061699537,10408.0,9.250330020192342,0.7194444444444444,9688.555555555555
120,LP001426,Male,Yes,0.0,Graduate,No,5667,2667.0,180.0,360.0,1.0,Rural,1,5.19295685089021,8334.0,9.0280988119824,0.5,7834.0
121,LP001430,Female,No,0.0,Graduate,No,4166,0.0,44.0,360.0,1.0,Semiurban,1,3.784189633918261,4166.0,8.334711621820917,0.12222222222222222,4043.777777777778
122,LP001431,Female,No,0.0,Graduate,No,2137,8980.0,137.0,360.0,0.0,Semiurban,1,4.919980925828125,11117.0,9.316230747233615,0.38055555555555554,10736.444444444445
123,LP001432,Male,Yes,2.0,Graduate,No,2957,0.0,81.0,360.0,1.0,Semiurban,1,4.394449154672439,2957.0,7.9919305198524775,0.225,2732.0
124,LP001439,Male,Yes,0.0,Not Graduate,No,4300,2014.0,194.0,360.0,1.0,Rural,1,5.267858159063328,6314.0,8.750524669117937,0.5388888888888889,5775.111111111111
125,LP001443,Female,No,0.0,Graduate,No,3692,0.0,93.0,360.0,1.0,Rural,1,4.532599493153256,3692.0,8.213923595622743,0.25833333333333336,3433.6666666666665
126,LP001448,Male,Yes,3.0,Graduate,No,23803,0.0,370.0,360.0,1.0,Rural,1,5.91350300563827,23803.0,10.077566902136047,1.0277777777777777,22775.222222222223
127,LP001449,Male,No,0.0,Graduate,No,3865,1640.0,128.0,360.0,1.0,Rural,1,4.852030263919617,5505.0,8.61341204915678,0.35555555555555557,5149.444444444444
128,LP001451,Male,Yes,1.0,Graduate,Yes,10513,3850.0,160.0,180.0,0.0,Urban,0,5.075173815233827,14363.0,9.572410734431823,0.8888888888888888,13474.111111111111
129,LP001465,Male,Yes,0.0,Graduate,No,6080,2569.0,182.0,360.0,1.0,Rural,0,5.204006687076795,8649.0,9.065198986306513,0.5055555555555555,8143.444444444444
130,LP001469,Male,No,0.0,Graduate,Yes,20166,0.0,650.0,480.0,1.0,Urban,1,6.476972362889683,20166.0,9.91175329695316,1.3541666666666667,18811.833333333332
131,LP001473,Male,No,0.0,Graduate,No,2014,1929.0,74.0,360.0,1.0,Urban,1,4.30406509320417,3943.0,8.279697133877628,0.20555555555555555,3737.4444444444443
132,LP001478,Male,No,0.0,Graduate,No,2718,0.0,70.0,360.0,1.0,Semiurban,1,4.248495242049359,2718.0,7.907651594711089,0.19444444444444445,2523.5555555555557
133,LP001482,Male,Yes,0.0,Graduate,Yes,3459,0.0,25.0,120.0,1.0,Semiurban,1,3.2188758248682006,3459.0,8.148734808937169,0.20833333333333334,3250.6666666666665
134,LP001487,Male,No,0.0,Graduate,No,4895,0.0,102.0,360.0,1.0,Semiurban,1,4.624972813284271,4895.0,8.49596955496461,0.2833333333333333,4611.666666666667
135,LP001488,Male,Yes,3.0,Graduate,No,4000,7750.0,290.0,360.0,1.0,Semiurban,0,5.66988092298052,11750.0,9.371608519572305,0.8055555555555556,10944.444444444445
136,LP001489,Female,Yes,0.0,Graduate,No,4583,0.0,84.0,360.0,1.0,Rural,0,4.430816798843313,4583.0,8.430109084509125,0.23333333333333334,4349.666666666667
137,LP001491,Male,Yes,2.0,Graduate,Yes,3316,3500.0,88.0,360.0,1.0,Urban,1,4.477336814478207,6816.0,8.827028068509152,0.24444444444444444,6571.555555555556
138,LP001492,Male,No,0.0,Graduate,No,14999,0.0,242.0,360.0,0.0,Semiurban,0,5.488937726156687,14999.0,9.61573881119536,0.6722222222222223,14326.777777777777
139,LP001493,Male,Yes,2.0,Not Graduate,No,4200,1430.0,129.0,360.0,1.0,Rural,0,4.859812404361672,5630.0,8.635864721133736,0.35833333333333334,5271.666666666667
140,LP001497,Male,Yes,2.0,Graduate,No,5042,2083.0,185.0,360.0,1.0,Rural,0,5.220355825078324,7125.0,8.871365005136852,0.5138888888888888,6611.111111111111
141,LP001498,Male,No,0.0,Graduate,No,5417,0.0,168.0,360.0,1.0,Urban,1,5.123963979403259,5417.0,8.597297435657898,0.4666666666666667,4950.333333333333
142,LP001504,Male,No,0.0,Graduate,Yes,6950,0.0,175.0,180.0,1.0,Semiurban,1,5.1647859739235145,6950.0,8.846496938558838,0.9722222222222222,5977.777777777777
143,LP001507,Male,Yes,0.0,Graduate,No,2698,2034.0,122.0,360.0,1.0,Semiurban,1,4.804021044733257,4732.0,8.462103225098277,0.3388888888888889,4393.111111111111
144,LP001508,Male,Yes,2.0,Graduate,No,11757,0.0,187.0,180.0,1.0,Urban,1,5.231108616854587,11757.0,9.372204086867741,1.038888888888889,10718.111111111111
145,LP001514,Female,Yes,0.0,Graduate,No,2330,4486.0,100.0,360.0,1.0,Semiurban,1,4.605170185988092,6816.0,8.827028068509152,0.2777777777777778,6538.222222222223
146,LP001516,Female,Yes,2.0,Graduate,No,14866,0.0,70.0,360.0,1.0,Urban,1,4.248495242049359,14866.0,9.60683200528524,0.19444444444444445,14671.555555555555
147,LP001518,Male,Yes,1.0,Graduate,No,1538,1425.0,30.0,360.0,1.0,Urban,1,3.4011973816621555,2963.0,7.993957547573565,0.08333333333333333,2879.6666666666665
148,LP001519,Female,No,0.0,Graduate,No,10000,1666.0,225.0,360.0,1.0,Rural,0,5.41610040220442,11666.0,9.364433907313582,0.625,11041.0
149,LP001520,Male,Yes,0.0,Graduate,No,4860,830.0,125.0,360.0,1.0,Semiurban,1,4.8283137373023015,5690.0,8.646465527120377,0.3472222222222222,5342.777777777777
150,LP001528,Male,No,0.0,Graduate,No,6277,0.0,118.0,360.0,0.0,Rural,0,4.770684624465665,6277.0,8.744647438317532,0.3277777777777778,5949.222222222223
151,LP001529,Male,Yes,0.0,Graduate,Yes,2577,3750.0,152.0,360.0,1.0,Rural,1,5.0238805208462765,6327.0,8.752581469146884,0.4222222222222222,5904.777777777777
152,LP001531,Male,No,0.0,Graduate,No,9166,0.0,244.0,360.0,1.0,Urban,0,5.497168225293202,9166.0,9.123256265069069,0.6777777777777778,8488.222222222223
153,LP001532,Male,Yes,2.0,Not Graduate,No,2281,0.0,113.0,360.0,1.0,Rural,0,4.727387818712341,2281.0,7.732369222284388,0.3138888888888889,1967.111111111111
154,LP001535,Male,No,0.0,Graduate,No,3254,0.0,50.0,360.0,1.0,Urban,1,3.912023005428146,3254.0,8.087640287778983,0.1388888888888889,3115.1111111111113
155,LP001536,Male,Yes,3.0,Graduate,No,39999,0.0,600.0,180.0,0.0,Semiurban,1,6.396929655216146,39999.0,10.596609732783568,3.3333333333333335,36665.666666666664
156,LP001541,Male,Yes,1.0,Graduate,No,6000,0.0,160.0,360.0,1.0,Rural,1,5.075173815233827,6000.0,8.699514748210191,0.4444444444444444,5555.555555555556
157,LP001543,Male,Yes,1.0,Graduate,No,9538,0.0,187.0,360.0,1.0,Urban,1,5.231108616854587,9538.0,9.16303909885817,0.5194444444444445,9018.555555555555
158,LP001546,Male,No,0.0,Graduate,No,2980,2083.0,120.0,360.0,1.0,Rural,1,4.787491742782046,5063.0,8.529714471969909,0.3333333333333333,4729.666666666667
159,LP001552,Male,Yes,0.0,Graduate,No,4583,5625.0,255.0,360.0,1.0,Semiurban,1,5.541263545158426,10208.0,9.23092700558457,0.7083333333333334,9499.666666666666
160,LP001560,Male,Yes,0.0,Not Graduate,No,1863,1041.0,98.0,360.0,1.0,Semiurban,1,4.584967478670572,2904.0,7.973844375944687,0.2722222222222222,2631.777777777778
161,LP001562,Male,Yes,0.0,Graduate,No,7933,0.0,275.0,360.0,1.0,Urban,0,5.616771097666572,7933.0,8.978786553302003,0.7638888888888888,7169.111111111111
162,LP001565,Male,Yes,1.0,Graduate,No,3089,1280.0,121.0,360.0,0.0,Semiurban,0,4.795790545596741,4369.0,8.382289428951436,0.33611111111111114,4032.8888888888887
163,LP001570,Male,Yes,2.0,Graduate,No,4167,1447.0,158.0,360.0,1.0,Rural,1,5.062595033026967,5614.0,8.633018756921828,0.4388888888888889,5175.111111111111
164,LP001572,Male,Yes,0.0,Graduate,No,9323,0.0,75.0,180.0,1.0,Urban,1,4.31748811353631,9323.0,9.140239744296693,0.4166666666666667,8906.333333333334
165,LP001574,Male,Yes,0.0,Graduate,No,3707,3166.0,182.0,360.0,1.0,Rural,1,5.204006687076795,6873.0,8.835355971121606,0.5055555555555555,6367.444444444444
166,LP001577,Female,Yes,0.0,Graduate,No,4583,0.0,112.0,360.0,1.0,Rural,0,4.718498871295094,4583.0,8.430109084509125,0.3111111111111111,4271.888888888889
167,LP001578,Male,Yes,0.0,Graduate,No,2439,3333.0,129.0,360.0,1.0,Rural,1,4.859812404361672,5772.0,8.660773919893762,0.35833333333333334,5413.666666666667
168,LP001579,Male,No,0.0,Graduate,No,2237,0.0,63.0,480.0,0.0,Semiurban,0,4.143134726391533,2237.0,7.71289096149013,0.13125,2105.75
169,LP001580,Male,Yes,2.0,Graduate,No,8000,0.0,200.0,360.0,1.0,Semiurban,1,5.298317366548036,8000.0,8.987196820661973,0.5555555555555556,7444.444444444444
170,LP001581,Male,Yes,0.0,Not Graduate,No,1820,1769.0,95.0,360.0,1.0,Rural,1,4.553876891600541,3589.0,8.185628891147607,0.2638888888888889,3325.1111111111113
171,LP001585,Male,Yes,3.0,Graduate,No,51763,0.0,700.0,300.0,1.0,Urban,1,6.551080335043404,51763.0,10.854430887309706,2.3333333333333335,49429.666666666664
172,LP001586,Male,Yes,3.0,Not Graduate,No,3522,0.0,81.0,180.0,1.0,Rural,0,4.394449154672439,3522.0,8.166784289056151,0.45,3072.0
173,LP001594,Male,Yes,0.0,Graduate,No,5708,5625.0,187.0,360.0,1.0,Semiurban,1,5.231108616854587,11333.0,9.335474102732949,0.5194444444444445,10813.555555555555
174,LP001603,Male,Yes,0.0,Not Graduate,Yes,4344,736.0,87.0,360.0,1.0,Semiurban,0,4.465908118654584,5080.0,8.533066540572527,0.24166666666666667,4838.333333333333
175,LP001606,Male,Yes,0.0,Graduate,No,3497,1964.0,116.0,360.0,1.0,Rural,1,4.7535901911063645,5461.0,8.605387202152153,0.32222222222222224,5138.777777777777
176,LP001608,Male,Yes,2.0,Graduate,No,2045,1619.0,101.0,360.0,1.0,Rural,1,4.61512051684126,3664.0,8.20631072579402,0.28055555555555556,3383.4444444444443
177,LP001610,Male,Yes,3.0,Graduate,No,5516,11300.0,495.0,360.0,0.0,Semiurban,0,6.20455776256869,16816.0,9.730086093116732,1.375,15441.0
178,LP001616,Male,Yes,1.0,Graduate,No,3750,0.0,116.0,360.0,1.0,Semiurban,1,4.7535901911063645,3750.0,8.229511118964457,0.32222222222222224,3427.777777777778
179,LP001630,Male,No,0.0,Not Graduate,No,2333,1451.0,102.0,480.0,0.0,Urban,0,4.624972813284271,3784.0,8.238536930171769,0.2125,3571.5
180,LP001633,Male,Yes,1.0,Graduate,No,6400,7250.0,180.0,360.0,0.0,Urban,0,5.19295685089021,13650.0,9.521494800613105,0.5,13150.0
181,LP001634,Male,No,0.0,Graduate,No,1916,5063.0,67.0,360.0,1.0,Rural,0,4.204692619390966,6979.0,8.850660919017152,0.18611111111111112,6792.888888888889
182,LP001636,Male,Yes,0.0,Graduate,No,4600,0.0,73.0,180.0,1.0,Semiurban,1,4.290459441148391,4600.0,8.433811582477187,0.40555555555555556,4194.444444444444
183,LP001637,Male,Yes,1.0,Graduate,No,33846,0.0,260.0,360.0,1.0,Semiurban,0,5.560681631015528,33846.0,10.429576102968031,0.7222222222222222,33123.77777777778
184,LP001639,Female,Yes,0.0,Graduate,No,3625,0.0,108.0,360.0,1.0,Semiurban,1,4.68213122712422,3625.0,8.195609567288775,0.3,3325.0
185,LP001640,Male,Yes,0.0,Graduate,Yes,39147,4750.0,120.0,360.0,1.0,Semiurban,1,4.787491742782046,43897.0,10.689601259598334,0.3333333333333333,43563.666666666664
186,LP001641,Male,Yes,1.0,Graduate,Yes,2178,0.0,66.0,300.0,0.0,Rural,0,4.189654742026425,2178.0,7.686162303492906,0.22,1958.0
187,LP001643,Male,Yes,0.0,Graduate,No,2383,2138.0,58.0,360.0,1.0,Rural,1,4.060443010546419,4521.0,8.416488487294606,0.16111111111111112,4359.888888888889
188,LP001644,Male,Yes,0.0,Graduate,Yes,674,5296.0,168.0,360.0,1.0,Rural,1,5.123963979403259,5970.0,8.694502206386648,0.4666666666666667,5503.333333333333
189,LP001647,Male,Yes,0.0,Graduate,No,9328,0.0,188.0,180.0,1.0,Rural,1,5.236441962829949,9328.0,9.140775908590273,1.0444444444444445,8283.555555555555
190,LP001653,Male,No,0.0,Not Graduate,No,4885,0.0,48.0,360.0,1.0,Rural,1,3.871201010907891,4885.0,8.493924564476883,0.13333333333333333,4751.666666666667
191,LP001656,Male,No,0.0,Graduate,No,12000,0.0,164.0,360.0,1.0,Semiurban,0,5.099866427824199,12000.0,9.392661928770137,0.45555555555555555,11544.444444444445
192,LP001657,Male,Yes,0.0,Not Graduate,No,6033,0.0,160.0,360.0,1.0,Urban,0,5.075173815233827,6033.0,8.704999678440762,0.4444444444444444,5588.555555555556
193,LP001658,Male,No,0.0,Graduate,No,3858,0.0,76.0,360.0,1.0,Semiurban,1,4.330733340286331,3858.0,8.257904193465674,0.2111111111111111,3646.8888888888887
194,LP001664,Male,No,0.0,Graduate,No,4191,0.0,120.0,360.0,1.0,Rural,1,4.787491742782046,4191.0,8.340694647925071,0.3333333333333333,3857.6666666666665
195,LP001665,Male,Yes,1.0,Graduate,No,3125,2583.0,170.0,360.0,1.0,Semiurban,0,5.135798437050262,5708.0,8.649623978596727,0.4722222222222222,5235.777777777777
196,LP001666,Male,No,0.0,Graduate,No,8333,3750.0,187.0,360.0,1.0,Rural,1,5.231108616854587,12083.0,9.399554785027307,0.5194444444444445,11563.555555555555
197,LP001669,Female,No,0.0,Not Graduate,No,1907,2365.0,120.0,360.0,1.0,Urban,1,4.787491742782046,4272.0,8.35983738064003,0.3333333333333333,3938.6666666666665
198,LP001671,Female,Yes,0.0,Graduate,No,3416,2816.0,113.0,360.0,1.0,Semiurban,1,4.727387818712341,6232.0,8.737452587550584,0.3138888888888889,5918.111111111111
199,LP001673,Male,No,0.0,Graduate,Yes,11000,0.0,83.0,360.0,1.0,Urban,0,4.418840607796598,11000.0,9.305650551780507,0.23055555555555557,10769.444444444445
200,LP001674,Male,Yes,1.0,Not Graduate,No,2600,2500.0,90.0,360.0,1.0,Semiurban,1,4.499809670330265,5100.0,8.536995818712418,0.25,4850.0
201,LP001677,Male,No,2.0,Graduate,No,4923,0.0,166.0,360.0,0.0,Semiurban,1,5.111987788356544,4923.0,8.5016733797582,0.46111111111111114,4461.888888888889
202,LP001682,Male,Yes,3.0,Not Graduate,No,3992,0.0,128.0,180.0,1.0,Urban,0,4.852030263919617,3992.0,8.292047637431354,0.7111111111111111,3280.8888888888887
203,LP001688,Male,Yes,1.0,Not Graduate,No,3500,1083.0,135.0,360.0,1.0,Urban,1,4.90527477843843,4583.0,8.430109084509125,0.375,4208.0
204,LP001691,Male,Yes,2.0,Not Graduate,No,3917,0.0,124.0,360.0,1.0,Semiurban,1,4.820281565605037,3917.0,8.27308133366583,0.34444444444444444,3572.5555555555557
205,LP001692,Female,No,0.0,Not Graduate,No,4408,0.0,120.0,360.0,1.0,Semiurban,1,4.787491742782046,4408.0,8.391176350832751,0.3333333333333333,4074.6666666666665
206,LP001693,Female,No,0.0,Graduate,No,3244,0.0,80.0,360.0,1.0,Urban,1,4.382026634673881,3244.0,8.084562415235304,0.2222222222222222,3021.777777777778
207,LP001698,Male,No,0.0,Not Graduate,No,3975,2531.0,55.0,360.0,1.0,Rural,1,4.007333185232471,6506.0,8.780480107033297,0.1527777777777778,6353.222222222223
208,LP001699,Male,No,0.0,Graduate,No,2479,0.0,59.0,360.0,1.0,Urban,1,4.07753744390572,2479.0,7.8156105320351905,0.1638888888888889,2315.1111111111113
209,LP001702,Male,No,0.0,Graduate,No,3418,0.0,127.0,360.0,1.0,Semiurban,0,4.844187086458591,3418.0,8.136810863675537,0.3527777777777778,3065.222222222222
210,LP001708,Female,No,0.0,Graduate,No,10000,0.0,214.0,360.0,1.0,Semiurban,0,5.365976015021851,10000.0,9.210340371976184,0.5944444444444444,9405.555555555555
211,LP001711,Male,Yes,3.0,Graduate,No,3430,1250.0,128.0,360.0,0.0,Semiurban,0,4.852030263919617,4680.0,8.451053388911692,0.35555555555555557,4324.444444444444
212,LP001713,Male,Yes,1.0,Graduate,Yes,7787,0.0,240.0,360.0,1.0,Urban,1,5.480638923341991,7787.0,8.960210955576986,0.6666666666666666,7120.333333333333
213,LP001715,Male,Yes,3.0,Not Graduate,Yes,5703,0.0,130.0,360.0,1.0,Rural,1,4.867534450455582,5703.0,8.648747631156539,0.3611111111111111,5341.888888888889
214,LP001716,Male,Yes,0.0,Graduate,No,3173,3021.0,137.0,360.0,1.0,Urban,1,4.919980925828125,6194.0,8.731336360533149,0.38055555555555554,5813.444444444444
215,LP001720,Male,Yes,3.0,Not Graduate,No,3850,983.0,100.0,360.0,1.0,Semiurban,1,4.605170185988092,4833.0,8.483222671845084,0.2777777777777778,4555.222222222223
216,LP001722,Male,Yes,0.0,Graduate,No,150,1800.0,135.0,360.0,1.0,Rural,0,4.90527477843843,1950.0,7.575584651557793,0.375,1575.0
217,LP001726,Male,Yes,0.0,Graduate,No,3727,1775.0,131.0,360.0,1.0,Semiurban,1,4.875197323201151,5502.0,8.61286694148452,0.3638888888888889,5138.111111111111
218,LP001732,Male,Yes,2.0,Graduate,No,5000,0.0,72.0,360.0,0.0,Semiurban,0,4.276666119016055,5000.0,8.517193191416238,0.2,4800.0
219,LP001734,Female,Yes,2.0,Graduate,No,4283,2383.0,127.0,360.0,1.0,Semiurban,1,4.844187086458591,6666.0,8.804775258867686,0.3527777777777778,6313.222222222223
220,LP001736,Male,Yes,0.0,Graduate,No,2221,0.0,60.0,360.0,0.0,Urban,0,4.0943445622221,2221.0,7.7057128238944275,0.16666666666666666,2054.3333333333335
221,LP001743,Male,Yes,2.0,Graduate,No,4009,1717.0,116.0,360.0,1.0,Semiurban,1,4.7535901911063645,5726.0,8.65277248565806,0.32222222222222224,5403.777777777777
222,LP001744,Male,No,0.0,Graduate,No,2971,2791.0,144.0,360.0,1.0,Semiurban,1,4.969813299576001,5762.0,8.659039915644474,0.4,5362.0
223,LP001749,Male,Yes,0.0,Graduate,No,7578,1010.0,175.0,360.0,1.0,Semiurban,1,5.1647859739235145,8588.0,9.058121158998672,0.4861111111111111,8101.888888888889
224,LP001750,Male,Yes,0.0,Graduate,No,6250,0.0,128.0,360.0,1.0,Semiurban,1,4.852030263919617,6250.0,8.740336742730447,0.35555555555555557,5894.444444444444
225,LP001751,Male,Yes,0.0,Graduate,No,3250,0.0,170.0,360.0,1.0,Rural,0,5.135798437050262,3250.0,8.086410275323782,0.4722222222222222,2777.777777777778
226,LP001754,Male,Yes,0.0,Not Graduate,Yes,4735,0.0,138.0,360.0,1.0,Urban,0,4.927253685157205,4735.0,8.462737005620179,0.38333333333333336,4351.666666666667
227,LP001758,Male,Yes,2.0,Graduate,No,6250,1695.0,210.0,360.0,1.0,Semiurban,1,5.3471075307174685,7945.0,8.980298078970817,0.5833333333333334,7361.666666666667
228,LP001760,Male,Yes,0.0,Graduate,No,4758,0.0,158.0,480.0,1.0,Semiurban,1,5.062595033026967,4758.0,8.467582690862903,0.32916666666666666,4428.833333333333
229,LP001761,Male,No,0.0,Graduate,Yes,6400,0.0,200.0,360.0,1.0,Rural,1,5.298317366548036,6400.0,8.764053269347762,0.5555555555555556,5844.444444444444
230,LP001765,Male,Yes,1.0,Graduate,No,2491,2054.0,104.0,360.0,1.0,Semiurban,1,4.6443908991413725,4545.0,8.421783006611578,0.28888888888888886,4256.111111111111
231,LP001768,Male,Yes,0.0,Graduate,No,3716,0.0,42.0,180.0,1.0,Rural,1,3.7376696182833684,3716.0,8.22040309993373,0.23333333333333334,3482.6666666666665
232,LP001770,Male,No,0.0,Not Graduate,No,3189,2598.0,120.0,360.0,1.0,Rural,1,4.787491742782046,5787.0,8.663369301573839,0.3333333333333333,5453.666666666667
233,LP001776,Female,No,0.0,Graduate,No,8333,0.0,280.0,360.0,1.0,Semiurban,1,5.634789603169249,8333.0,9.027978814382207,0.7777777777777778,7555.222222222223
234,LP001778,Male,Yes,1.0,Graduate,No,3155,1779.0,140.0,360.0,1.0,Semiurban,1,4.941642422609304,4934.0,8.503905297089302,0.3888888888888889,4545.111111111111
235,LP001784,Male,Yes,1.0,Graduate,No,5500,1260.0,170.0,360.0,1.0,Rural,1,5.135798437050262,6760.0,8.81877816903701,0.4722222222222222,6287.777777777777
236,LP001786,Male,Yes,0.0,Graduate,No,5746,0.0,255.0,360.0,1.0,Urban,0,5.541263545158426,5746.0,8.656259239539235,0.7083333333333334,5037.666666666667
237,LP001788,Female,No,0.0,Graduate,Yes,3463,0.0,122.0,360.0,1.0,Urban,1,4.804021044733257,3463.0,8.149890544402423,0.3388888888888889,3124.1111111111113
238,LP001790,Female,No,1.0,Graduate,No,3812,0.0,112.0,360.0,1.0,Rural,1,4.718498871295094,3812.0,8.245909264774093,0.3111111111111111,3500.8888888888887
239,LP001792,Male,Yes,1.0,Graduate,No,3315,0.0,96.0,360.0,1.0,Semiurban,1,4.564348191467836,3315.0,8.106212902619962,0.26666666666666666,3048.3333333333335
240,LP001798,Male,Yes,2.0,Graduate,No,5819,5000.0,120.0,360.0,1.0,Rural,1,4.787491742782046,10819.0,9.289059126687574,0.3333333333333333,10485.666666666666
241,LP001800,Male,Yes,1.0,Not Graduate,No,2510,1983.0,140.0,180.0,1.0,Urban,0,4.941642422609304,4493.0,8.41027590907016,0.7777777777777778,3715.222222222222
242,LP001806,Male,No,0.0,Graduate,No,2965,5701.0,155.0,60.0,1.0,Urban,1,5.043425116919247,8666.0,9.067162602299854,2.5833333333333335,6082.666666666666
243,LP001807,Male,Yes,2.0,Graduate,Yes,6250,1300.0,108.0,360.0,1.0,Rural,1,4.68213122712422,7550.0,8.92930284224307,0.3,7250.0
244,LP001811,Male,Yes,0.0,Not Graduate,No,3406,4417.0,123.0,360.0,1.0,Semiurban,1,4.812184355372417,7823.0,8.96482339168508,0.3416666666666667,7481.333333333333
245,LP001813,Male,No,0.0,Graduate,Yes,6050,4333.0,120.0,180.0,1.0,Urban,0,4.787491742782046,10383.0,9.247925132303454,0.6666666666666666,9716.333333333334
246,LP001814,Male,Yes,2.0,Graduate,No,9703,0.0,112.0,360.0,1.0,Urban,1,4.718498871295094,9703.0,9.1801903950253,0.3111111111111111,9391.888888888889
247,LP001819,Male,Yes,1.0,Not Graduate,No,6608,0.0,137.0,180.0,1.0,Urban,1,4.919980925828125,6608.0,8.796036315200814,0.7611111111111111,5846.888888888889
248,LP001824,Male,Yes,1.0,Graduate,No,2882,1843.0,123.0,480.0,1.0,Semiurban,1,4.812184355372417,4725.0,8.460622839927844,0.25625,4468.75
249,LP001825,Male,Yes,0.0,Graduate,No,1809,1868.0,90.0,360.0,1.0,Urban,1,4.499809670330265,3677.0,8.209852481301272,0.25,3427.0
250,LP001835,Male,Yes,0.0,Not Graduate,No,1668,3890.0,201.0,360.0,0.0,Semiurban,0,5.303304908059076,5558.0,8.62299361030245,0.5583333333333333,4999.666666666667
251,LP001836,Female,No,2.0,Graduate,No,3427,0.0,138.0,360.0,1.0,Urban,0,4.927253685157205,3427.0,8.139440521874608,0.38333333333333336,3043.6666666666665
252,LP001841,Male,No,0.0,Not Graduate,Yes,2583,2167.0,104.0,360.0,1.0,Rural,1,4.6443908991413725,4750.0,8.465899897028686,0.28888888888888886,4461.111111111111
253,LP001843,Male,Yes,1.0,Not Graduate,No,2661,7101.0,279.0,180.0,1.0,Semiurban,1,5.631211781821365,9762.0,9.186252576447092,1.55,8212.0
254,LP001844,Male,No,0.0,Graduate,Yes,16250,0.0,192.0,360.0,0.0,Urban,0,5.2574953720277815,16250.0,9.695848187757884,0.5333333333333333,15716.666666666666
255,LP001846,Female,No,3.0,Graduate,No,3083,0.0,255.0,360.0,1.0,Rural,1,5.541263545158426,3083.0,8.03365842788615,0.7083333333333334,2374.6666666666665
256,LP001849,Male,No,0.0,Not Graduate,No,6045,0.0,115.0,360.0,0.0,Rural,0,4.74493212836325,6045.0,8.706986763048892,0.3194444444444444,5725.555555555556
257,LP001854,Male,Yes,3.0,Graduate,No,5250,0.0,94.0,360.0,1.0,Urban,0,4.543294782270004,5250.0,8.565983355585669,0.2611111111111111,4988.888888888889
258,LP001859,Male,Yes,0.0,Graduate,No,14683,2100.0,304.0,360.0,1.0,Rural,0,5.717027701406222,16783.0,9.72812174830818,0.8444444444444444,15938.555555555555
259,LP001864,Male,Yes,3.0,Not Graduate,No,4931,0.0,128.0,360.0,1.0,Semiurban,0,4.852030263919617,4931.0,8.503297086224126,0.35555555555555557,4575.444444444444
260,LP001865,Male,Yes,1.0,Graduate,No,6083,4250.0,330.0,360.0,1.0,Urban,1,5.799092654460526,10333.0,9.243097936214355,0.9166666666666666,9416.333333333334
261,LP001868,Male,No,0.0,Graduate,No,2060,2209.0,134.0,360.0,1.0,Semiurban,1,4.897839799950911,4269.0,8.359134886757962,0.37222222222222223,3896.777777777778
262,LP001870,Female,No,1.0,Graduate,No,3481,0.0,155.0,36.0,1.0,Semiurban,0,5.043425116919247,3481.0,8.15507488781144,4.305555555555555,-824.5555555555557
263,LP001871,Female,No,0.0,Graduate,No,7200,0.0,120.0,360.0,1.0,Rural,1,4.787491742782046,7200.0,8.881836305004146,0.3333333333333333,6866.666666666667
264,LP001872,Male,No,0.0,Graduate,Yes,5166,0.0,128.0,360.0,1.0,Semiurban,1,4.852030263919617,5166.0,8.549853973655786,0.35555555555555557,4810.444444444444
265,LP001875,Male,No,0.0,Graduate,No,4095,3447.0,151.0,360.0,1.0,Rural,1,5.017279836814924,7542.0,8.928242677818302,0.41944444444444445,7122.555555555556
266,LP001877,Male,Yes,2.0,Graduate,No,4708,1387.0,150.0,360.0,1.0,Semiurban,1,5.0106352940962555,6095.0,8.715224041915372,0.4166666666666667,5678.333333333333
267,LP001882,Male,Yes,3.0,Graduate,No,4333,1811.0,160.0,360.0,0.0,Urban,1,5.075173815233827,6144.0,8.723231274827508,0.4444444444444444,5699.555555555556
268,LP001883,Female,No,0.0,Graduate,No,3418,0.0,135.0,360.0,1.0,Rural,0,4.90527477843843,3418.0,8.136810863675537,0.375,3043.0
269,LP001884,Female,No,1.0,Graduate,No,2876,1560.0,90.0,360.0,1.0,Urban,1,4.499809670330265,4436.0,8.397508348470257,0.25,4186.0
270,LP001888,Female,No,0.0,Graduate,No,3237,0.0,30.0,360.0,1.0,Urban,1,3.4011973816621555,3237.0,8.082402253926244,0.08333333333333333,3153.6666666666665
271,LP001891,Male,Yes,0.0,Graduate,No,11146,0.0,136.0,360.0,1.0,Urban,1,4.912654885736052,11146.0,9.318835968129482,0.37777777777777777,10768.222222222223
272,LP001892,Male,No,0.0,Graduate,No,2833,1857.0,126.0,360.0,1.0,Rural,1,4.836281906951478,4690.0,8.453187861440325,0.35,4340.0
273,LP001894,Male,Yes,0.0,Graduate,No,2620,2223.0,150.0,360.0,1.0,Semiurban,1,5.0106352940962555,4843.0,8.48528964240323,0.4166666666666667,4426.333333333333
274,LP001896,Male,Yes,2.0,Graduate,No,3900,0.0,90.0,360.0,1.0,Semiurban,1,4.499809670330265,3900.0,8.268731832117737,0.25,3650.0
275,LP001900,Male,Yes,1.0,Graduate,No,2750,1842.0,115.0,360.0,1.0,Semiurban,1,4.74493212836325,4592.0,8.432070937999402,0.3194444444444444,4272.555555555556
276,LP001903,Male,Yes,0.0,Graduate,No,3993,3274.0,207.0,360.0,1.0,Semiurban,1,5.332718793265369,7267.0,8.891098830616636,0.575,6692.0
277,LP001904,Male,Yes,0.0,Graduate,No,3103,1300.0,80.0,360.0,1.0,Urban,1,4.382026634673881,4403.0,8.390041405755754,0.2222222222222222,4180.777777777777
278,LP001907,Male,Yes,0.0,Graduate,No,14583,0.0,436.0,360.0,1.0,Semiurban,1,6.077642243349034,14583.0,9.587611745713565,1.211111111111111,13371.888888888889
279,LP001908,Female,Yes,0.0,Not Graduate,No,4100,0.0,124.0,360.0,1.0,Rural,1,4.820281565605037,4100.0,8.318742252692399,0.34444444444444444,3755.5555555555557
280,LP001910,Male,No,1.0,Not Graduate,Yes,4053,2426.0,158.0,360.0,0.0,Urban,0,5.062595033026967,6479.0,8.776321456449958,0.4388888888888889,6040.111111111111
281,LP001914,Male,Yes,0.0,Graduate,No,3927,800.0,112.0,360.0,1.0,Semiurban,1,4.718498871295094,4727.0,8.461046030793236,0.3111111111111111,4415.888888888889
282,LP001915,Male,Yes,2.0,Graduate,No,2301,985.7999877999998,78.0,180.0,1.0,Urban,1,4.356708826689592,3286.7999878,8.097669722345216,0.43333333333333335,2853.4666544666666
283,LP001917,Female,No,0.0,Graduate,No,1811,1666.0,54.0,360.0,1.0,Urban,1,3.9889840465642745,3477.0,8.153925132007862,0.15,3327.0
284,LP001922,Male,Yes,0.0,Graduate,No,20667,0.0,128.0,360.0,1.0,Rural,0,4.852030263919617,20667.0,9.936293504261306,0.35555555555555557,20311.444444444445
285,LP001924,Male,No,0.0,Graduate,No,3158,3053.0,89.0,360.0,1.0,Rural,1,4.48863636973214,6211.0,8.734077192559303,0.24722222222222223,5963.777777777777
286,LP001925,Female,No,0.0,Graduate,Yes,2600,1717.0,99.0,300.0,1.0,Semiurban,0,4.59511985013459,4317.0,8.370315995555478,0.33,3987.0
287,LP001926,Male,Yes,0.0,Graduate,No,3704,2000.0,120.0,360.0,1.0,Rural,1,4.787491742782046,5704.0,8.648922962094131,0.3333333333333333,5370.666666666667
288,LP001931,Female,No,0.0,Graduate,No,4124,0.0,115.0,360.0,1.0,Semiurban,1,4.74493212836325,4124.0,8.32457884513685,0.3194444444444444,3804.5555555555557
289,LP001935,Male,No,0.0,Graduate,No,9508,0.0,187.0,360.0,1.0,Rural,1,5.231108616854587,9508.0,9.159888828480085,0.5194444444444445,8988.555555555555
290,LP001936,Male,Yes,0.0,Graduate,No,3075,2416.0,139.0,360.0,1.0,Rural,1,4.9344739331306915,5491.0,8.610865667278873,0.3861111111111111,5104.888888888889
291,LP001938,Male,Yes,2.0,Graduate,No,4400,0.0,127.0,360.0,0.0,Semiurban,0,4.844187086458591,4400.0,8.389359819906353,0.3527777777777778,4047.222222222222
292,LP001940,Male,Yes,2.0,Graduate,No,3153,1560.0,134.0,360.0,1.0,Urban,1,4.897839799950911,4713.0,8.45807992692373,0.37222222222222223,4340.777777777777
293,LP001945,Female,No,0.0,Graduate,No,5417,0.0,143.0,480.0,0.0,Urban,0,4.962844630259907,5417.0,8.597297435657898,0.29791666666666666,5119.083333333333
294,LP001947,Male,Yes,0.0,Graduate,No,2383,3334.0,172.0,360.0,1.0,Semiurban,1,5.147494476813453,5717.0,8.651199471263972,0.4777777777777778,5239.222222222223
295,LP001949,Male,Yes,3.0,Graduate,No,4416,1250.0,110.0,360.0,1.0,Urban,1,4.700480365792417,5666.0,8.642238680390461,0.3055555555555556,5360.444444444444
296,LP001953,Male,Yes,1.0,Graduate,No,6875,0.0,200.0,360.0,1.0,Semiurban,1,5.298317366548036,6875.0,8.835646922534773,0.5555555555555556,6319.444444444444
297,LP001954,Female,Yes,1.0,Graduate,No,4666,0.0,135.0,360.0,1.0,Urban,1,4.90527477843843,4666.0,8.448057452581375,0.375,4291.0
298,LP001955,Female,No,0.0,Graduate,No,5000,2541.0,151.0,480.0,1.0,Rural,0,5.017279836814924,7541.0,8.928110078202646,0.3145833333333333,7226.416666666667
299,LP001963,Male,Yes,1.0,Graduate,No,2014,2925.0,113.0,360.0,1.0,Urban,0,4.727387818712341,4939.0,8.504918160540624,0.3138888888888889,4625.111111111111
300,LP001964,Male,Yes,0.0,Not Graduate,No,1800,2934.0,93.0,360.0,0.0,Urban,0,4.532599493153256,4734.0,8.46252579007393,0.25833333333333336,4475.666666666667
301,LP001972,Male,Yes,0.0,Not Graduate,No,2875,1750.0,105.0,360.0,1.0,Semiurban,1,4.653960350157523,4625.0,8.439231649946526,0.2916666666666667,4333.333333333333
302,LP001974,Female,No,0.0,Graduate,No,5000,0.0,132.0,360.0,1.0,Rural,1,4.882801922586371,5000.0,8.517193191416238,0.36666666666666664,4633.333333333333
303,LP001977,Male,Yes,1.0,Graduate,No,1625,1803.0,96.0,360.0,1.0,Urban,1,4.564348191467836,3428.0,8.13973227971767,0.26666666666666666,3161.3333333333335
304,LP001978,Male,No,0.0,Graduate,No,4000,2500.0,140.0,360.0,1.0,Rural,1,4.941642422609304,6500.0,8.779557455883728,0.3888888888888889,6111.111111111111
305,LP001990,Male,No,0.0,Not Graduate,No,2000,0.0,128.0,360.0,1.0,Urban,0,4.852030263919617,2000.0,7.600902459542082,0.35555555555555557,1644.4444444444443
306,LP001993,Female,No,0.0,Graduate,No,3762,1666.0,135.0,360.0,1.0,Rural,1,4.90527477843843,5428.0,8.59932602095476,0.375,5053.0
307,LP001994,Female,No,0.0,Graduate,No,2400,1863.0,104.0,360.0,0.0,Urban,0,4.6443908991413725,4263.0,8.35772841676521,0.28888888888888886,3974.1111111111113
308,LP001996,Male,No,0.0,Graduate,No,20233,0.0,480.0,360.0,1.0,Rural,0,6.173786103901937,20233.0,9.915070213779195,1.3333333333333333,18899.666666666668
309,LP001998,Male,Yes,2.0,Not Graduate,No,7667,0.0,185.0,360.0,1.0,Rural,1,5.220355825078324,7667.0,8.944680683558895,0.5138888888888888,7153.111111111111
310,LP002002,Female,No,0.0,Graduate,No,2917,0.0,84.0,360.0,1.0,Semiurban,1,4.430816798843313,2917.0,7.978310969867722,0.23333333333333334,2683.6666666666665
311,LP002004,Male,No,0.0,Not Graduate,No,2927,2405.0,111.0,360.0,1.0,Semiurban,1,4.709530201312334,5332.0,8.5814816812986,0.30833333333333335,5023.666666666667
312,LP002006,Female,No,0.0,Graduate,No,2507,0.0,56.0,360.0,1.0,Rural,1,4.02535169073515,2507.0,7.826842098158293,0.15555555555555556,2351.4444444444443
313,LP002008,Male,Yes,2.0,Graduate,Yes,5746,0.0,144.0,84.0,1.0,Rural,1,4.969813299576001,5746.0,8.656259239539235,1.7142857142857142,4031.714285714286
314,LP002024,Male,Yes,0.0,Graduate,No,2473,1843.0,159.0,360.0,1.0,Rural,0,5.0689042022202315,4316.0,8.370084326378025,0.44166666666666665,3874.3333333333335
315,LP002031,Male,Yes,1.0,Not Graduate,No,3399,1640.0,111.0,180.0,1.0,Urban,1,4.709530201312334,5039.0,8.524962928680598,0.6166666666666667,4422.333333333333
316,LP002035,Male,Yes,2.0,Graduate,No,3717,0.0,120.0,360.0,1.0,Semiurban,1,4.787491742782046,3717.0,8.220672170297252,0.3333333333333333,3383.6666666666665
317,LP002036,Male,Yes,0.0,Graduate,No,2058,2134.0,88.0,360.0,1.0,Urban,1,4.477336814478207,4192.0,8.340933226000878,0.24444444444444444,3947.5555555555557
318,LP002043,Female,No,1.0,Graduate,No,3541,0.0,112.0,360.0,1.0,Semiurban,1,4.718498871295094,3541.0,8.172164452111904,0.3111111111111111,3229.8888888888887
319,LP002050,Male,Yes,1.0,Graduate,Yes,10000,0.0,155.0,360.0,1.0,Rural,0,5.043425116919247,10000.0,9.210340371976184,0.4305555555555556,9569.444444444445
320,LP002051,Male,Yes,0.0,Graduate,No,2400,2167.0,115.0,360.0,1.0,Semiurban,1,4.74493212836325,4567.0,8.426611813185,0.3194444444444444,4247.555555555556
321,LP002053,Male,Yes,3.0,Graduate,No,4342,189.0,124.0,360.0,1.0,Semiurban,1,4.820281565605037,4531.0,8.418697944667139,0.34444444444444444,4186.555555555556
322,LP002054,Male,Yes,2.0,Not Graduate,No,3601,1590.0,128.0,360.0,1.0,Rural,1,4.852030263919617,5191.0,8.55468163582723,0.35555555555555557,4835.444444444444
323,LP002055,Female,No,0.0,Graduate,No,3166,2985.0,132.0,360.0,1.0,Rural,1,4.882801922586371,6151.0,8.724369949208368,0.36666666666666664,5784.333333333333
324,LP002065,Male,Yes,3.0,Graduate,No,15000,0.0,300.0,360.0,1.0,Rural,1,5.703782474656201,15000.0,9.615805480084347,0.8333333333333334,14166.666666666666
325,LP002067,Male,Yes,1.0,Graduate,Yes,8666,4983.0,376.0,360.0,0.0,Rural,0,5.929589143389895,13649.0,9.521421537856195,1.0444444444444445,12604.555555555555
326,LP002068,Male,No,0.0,Graduate,No,4917,0.0,130.0,360.0,0.0,Rural,1,4.867534450455582,4917.0,8.50045386741194,0.3611111111111111,4555.888888888889
327,LP002082,Male,Yes,0.0,Graduate,Yes,5818,2160.0,184.0,360.0,1.0,Semiurban,1,5.214935757608986,7978.0,8.984443032465352,0.5111111111111111,7466.888888888889
328,LP002086,Female,Yes,0.0,Graduate,No,4333,2451.0,110.0,360.0,1.0,Urban,0,4.700480365792417,6784.0,8.822322177471738,0.3055555555555556,6478.444444444444
329,LP002087,Female,No,0.0,Graduate,No,2500,0.0,67.0,360.0,1.0,Urban,1,4.204692619390966,2500.0,7.824046010856292,0.18611111111111112,2313.8888888888887
330,LP002097,Male,No,1.0,Graduate,No,4384,1793.0,117.0,360.0,1.0,Urban,1,4.762173934797756,6177.0,8.728587995695898,0.325,5852.0
331,LP002098,Male,No,0.0,Graduate,No,2935,0.0,98.0,360.0,1.0,Semiurban,1,4.584967478670572,2935.0,7.984462732262196,0.2722222222222222,2662.777777777778
332,LP002100,Male,No,0.0,Graduate,No,2833,0.0,71.0,360.0,1.0,Urban,1,4.2626798770413155,2833.0,7.949091499830517,0.19722222222222222,2635.777777777778
333,LP002101,Male,Yes,0.0,Graduate,No,63337,0.0,490.0,180.0,1.0,Urban,1,6.194405391104672,63337.0,11.05622495553552,2.7222222222222223,60614.77777777778
334,LP002103,Male,Yes,1.0,Graduate,Yes,9833,1833.0,182.0,180.0,1.0,Urban,1,5.204006687076795,11666.0,9.364433907313582,1.011111111111111,10654.888888888889
335,LP002106,Male,Yes,0.0,Graduate,Yes,5503,4490.0,70.0,360.0,1.0,Semiurban,1,4.248495242049359,9993.0,9.209640126861789,0.19444444444444445,9798.555555555555
336,LP002110,Male,Yes,1.0,Graduate,No,5250,688.0,160.0,360.0,1.0,Rural,1,5.075173815233827,5938.0,8.689127655323706,0.4444444444444444,5493.555555555556
337,LP002112,Male,Yes,2.0,Graduate,Yes,2500,4600.0,176.0,360.0,1.0,Rural,1,5.170483995038151,7100.0,8.867850063029406,0.4888888888888889,6611.111111111111
338,LP002113,Female,No,3.0,Not Graduate,No,1830,0.0,128.0,360.0,0.0,Urban,0,4.852030263919617,1830.0,7.512071245835466,0.35555555555555557,1474.4444444444443
339,LP002114,Female,No,0.0,Graduate,No,4160,0.0,71.0,360.0,1.0,Semiurban,1,4.2626798770413155,4160.0,8.333270353255308,0.19722222222222222,3962.777777777778
340,LP002115,Male,Yes,3.0,Not Graduate,No,2647,1587.0,173.0,360.0,1.0,Rural,0,5.153291594497779,4234.0,8.350902451694811,0.48055555555555557,3753.4444444444443
341,LP002116,Female,No,0.0,Graduate,No,2378,0.0,46.0,360.0,1.0,Rural,0,3.828641396489095,2378.0,7.774015077250727,0.12777777777777777,2250.222222222222
342,LP002119,Male,Yes,1.0,Not Graduate,No,4554,1229.0,158.0,360.0,1.0,Urban,1,5.062595033026967,5783.0,8.662677858158219,0.4388888888888889,5344.111111111111
343,LP002126,Male,Yes,3.0,Not Graduate,No,3173,0.0,74.0,360.0,1.0,Semiurban,1,4.30406509320417,3173.0,8.062432791583195,0.20555555555555555,2967.4444444444443
344,LP002128,Male,Yes,2.0,Graduate,No,2583,2330.0,125.0,360.0,1.0,Rural,1,4.8283137373023015,4913.0,8.499640032168648,0.3472222222222222,4565.777777777777
345,LP002129,Male,Yes,0.0,Graduate,No,2499,2458.0,160.0,360.0,1.0,Semiurban,1,5.075173815233827,4957.0,8.508555998020574,0.4444444444444444,4512.555555555556
346,LP002130,Male,Yes,0.0,Not Graduate,No,3523,3230.0,152.0,360.0,0.0,Rural,0,5.0238805208462765,6753.0,8.817742129574842,0.4222222222222222,6330.777777777777
347,LP002131,Male,Yes,2.0,Not Graduate,No,3083,2168.0,126.0,360.0,1.0,Urban,1,4.836281906951478,5251.0,8.566173813637858,0.35,4901.0
348,LP002137,Male,Yes,0.0,Graduate,No,6333,4583.0,259.0,360.0,1.0,Semiurban,1,5.556828061699537,10916.0,9.29798488182823,0.7194444444444444,10196.555555555555
349,LP002138,Male,Yes,0.0,Graduate,No,2625,6250.0,187.0,360.0,1.0,Rural,1,5.231108616854587,8875.0,9.090993614343617,0.5194444444444445,8355.555555555555
350,LP002139,Male,Yes,0.0,Graduate,No,9083,0.0,228.0,360.0,1.0,Semiurban,1,5.429345628954441,9083.0,9.114159813502214,0.6333333333333333,8449.666666666666
351,LP002140,Male,No,0.0,Graduate,No,8750,4167.0,308.0,360.0,1.0,Rural,0,5.730099782973574,12917.0,9.466299552232016,0.8555555555555555,12061.444444444445
352,LP002141,Male,Yes,3.0,Graduate,No,2666,2083.0,95.0,360.0,1.0,Rural,1,4.553876891600541,4749.0,8.465689348549121,0.2638888888888889,4485.111111111111
353,LP002142,Female,Yes,0.0,Graduate,Yes,5500,0.0,105.0,360.0,0.0,Rural,0,4.653960350157523,5500.0,8.612503371220562,0.2916666666666667,5208.333333333333
354,LP002143,Female,Yes,0.0,Graduate,No,2423,505.0,130.0,360.0,1.0,Semiurban,1,4.867534450455582,2928.0,7.982074875081202,0.3611111111111111,2566.8888888888887
355,LP002144,Female,No,0.0,Graduate,No,3813,0.0,116.0,180.0,1.0,Urban,1,4.7535901911063645,3813.0,8.246171559857563,0.6444444444444445,3168.5555555555557
356,LP002149,Male,Yes,2.0,Graduate,No,8333,3167.0,165.0,360.0,1.0,Rural,1,5.10594547390058,11500.0,9.350102314351341,0.4583333333333333,11041.666666666666
357,LP002151,Male,Yes,1.0,Graduate,No,3875,0.0,67.0,360.0,1.0,Urban,0,4.204692619390966,3875.0,8.262300941787448,0.18611111111111112,3688.8888888888887
358,LP002158,Male,Yes,0.0,Not Graduate,No,3000,1666.0,100.0,480.0,0.0,Urban,0,4.605170185988092,4666.0,8.448057452581375,0.20833333333333334,4457.666666666667
359,LP002160,Male,Yes,3.0,Graduate,No,5167,3167.0,200.0,360.0,1.0,Semiurban,1,5.298317366548036,8334.0,9.0280988119824,0.5555555555555556,7778.444444444444
360,LP002161,Female,No,1.0,Graduate,No,4723,0.0,81.0,360.0,1.0,Semiurban,0,4.394449154672439,4723.0,8.460199469896118,0.225,4498.0
361,LP002170,Male,Yes,2.0,Graduate,No,5000,3667.0,236.0,360.0,1.0,Semiurban,1,5.4638318050256105,8667.0,9.067277989134345,0.6555555555555556,8011.444444444444
362,LP002175,Male,Yes,0.0,Graduate,No,4750,2333.0,130.0,360.0,1.0,Urban,1,4.867534450455582,7083.0,8.865452825753623,0.3611111111111111,6721.888888888889
363,LP002178,Male,Yes,0.0,Graduate,No,3013,3033.0,95.0,300.0,1.0,Urban,1,4.553876891600541,6046.0,8.707152175339404,0.31666666666666665,5729.333333333333
364,LP002180,Male,No,0.0,Graduate,Yes,6822,0.0,141.0,360.0,1.0,Rural,1,4.948759890378168,6822.0,8.82790796297859,0.39166666666666666,6430.333333333333
365,LP002181,Male,No,0.0,Not Graduate,No,6216,0.0,133.0,360.0,1.0,Rural,0,4.890349128221754,6216.0,8.734881892047483,0.36944444444444446,5846.555555555556
366,LP002187,Male,No,0.0,Graduate,No,2500,0.0,96.0,480.0,1.0,Semiurban,0,4.564348191467836,2500.0,7.824046010856292,0.2,2300.0
367,LP002188,Male,No,0.0,Graduate,No,5124,0.0,124.0,360.0,0.0,Rural,0,4.820281565605037,5124.0,8.541690663016626,0.34444444444444444,4779.555555555556
368,LP002190,Male,Yes,1.0,Graduate,No,6325,0.0,175.0,360.0,1.0,Semiurban,1,5.1647859739235145,6325.0,8.752265313595721,0.4861111111111111,5838.888888888889
369,LP002191,Male,Yes,0.0,Graduate,No,19730,5266.0,570.0,360.0,1.0,Rural,0,6.345636360828596,24996.0,10.126471091048971,1.5833333333333333,23412.666666666668
370,LP002194,Female,No,0.0,Graduate,Yes,15759,0.0,55.0,360.0,1.0,Semiurban,1,4.007333185232471,15759.0,9.665166909622071,0.1527777777777778,15606.222222222223
371,LP002197,Male,Yes,2.0,Graduate,No,5185,0.0,155.0,360.0,1.0,Semiurban,1,5.043425116919247,5185.0,8.553525120663627,0.4305555555555556,4754.444444444444
372,LP002201,Male,Yes,2.0,Graduate,Yes,9323,7873.0,380.0,300.0,1.0,Rural,1,5.940171252720432,17196.0,9.752432077616172,1.2666666666666666,15929.333333333334
373,LP002205,Male,No,1.0,Graduate,No,3062,1987.0,111.0,180.0,0.0,Urban,0,4.709530201312334,5049.0,8.526945482858915,0.6166666666666667,4432.333333333333
374,LP002209,Female,No,0.0,Graduate,No,2764,1459.0,110.0,360.0,1.0,Urban,1,4.700480365792417,4223.0,8.348301054933943,0.3055555555555556,3917.4444444444443
375,LP002211,Male,Yes,0.0,Graduate,No,4817,923.0,120.0,180.0,1.0,Urban,1,4.787491742782046,5740.0,8.655214489313613,0.6666666666666666,5073.333333333333
376,LP002219,Male,Yes,3.0,Graduate,No,8750,4996.0,130.0,360.0,1.0,Rural,1,4.867534450455582,13746.0,9.52850315168155,0.3611111111111111,13384.888888888889
377,LP002223,Male,Yes,0.0,Graduate,No,4310,0.0,130.0,360.0,1.0,Semiurban,1,4.867534450455582,4310.0,8.368693183097793,0.3611111111111111,3948.8888888888887
378,LP002224,Male,No,0.0,Graduate,No,3069,0.0,71.0,480.0,1.0,Urban,0,4.2626798770413155,3069.0,8.029107054619736,0.14791666666666667,2921.0833333333335
379,LP002225,Male,Yes,2.0,Graduate,No,5391,0.0,130.0,360.0,1.0,Urban,1,4.867534450455582,5391.0,8.592486175451668,0.3611111111111111,5029.888888888889
380,LP002226,Male,Yes,0.0,Graduate,No,3333,2500.0,128.0,360.0,1.0,Semiurban,1,4.852030263919617,5833.0,8.671286726753637,0.35555555555555557,5477.444444444444
381,LP002229,Male,No,0.0,Graduate,No,5941,4232.0,296.0,360.0,1.0,Semiurban,1,5.69035945432406,10173.0,9.227492430793749,0.8222222222222222,9350.777777777777
382,LP002231,Female,No,0.0,Graduate,No,6000,0.0,156.0,360.0,1.0,Urban,1,5.049856007249537,6000.0,8.699514748210191,0.43333333333333335,5566.666666666667
383,LP002234,Male,No,0.0,Graduate,Yes,7167,0.0,128.0,360.0,1.0,Urban,1,4.852030263919617,7167.0,8.877242435993919,0.35555555555555557,6811.444444444444
384,LP002236,Male,Yes,2.0,Graduate,No,4566,0.0,100.0,360.0,1.0,Urban,0,4.605170185988092,4566.0,8.42639282708974,0.2777777777777778,4288.222222222223
385,LP002237,Male,No,1.0,Graduate,No,3667,0.0,113.0,180.0,1.0,Urban,1,4.727387818712341,3667.0,8.207129168071326,0.6277777777777778,3039.222222222222
386,LP002239,Male,No,0.0,Not Graduate,No,2346,1600.0,132.0,360.0,1.0,Semiurban,1,4.882801922586371,3946.0,8.28045768658256,0.36666666666666664,3579.3333333333335
387,LP002243,Male,Yes,0.0,Not Graduate,No,3010,3136.0,128.0,360.0,0.0,Urban,0,4.852030263919617,6146.0,8.72355674269043,0.35555555555555557,5790.444444444444
388,LP002244,Male,Yes,0.0,Graduate,No,2333,2417.0,136.0,360.0,1.0,Urban,1,4.912654885736052,4750.0,8.465899897028686,0.37777777777777777,4372.222222222223
389,LP002250,Male,Yes,0.0,Graduate,No,5488,0.0,125.0,360.0,1.0,Rural,1,4.8283137373023015,5488.0,8.610319169405722,0.3472222222222222,5140.777777777777
390,LP002255,Male,No,3.0,Graduate,No,9167,0.0,185.0,360.0,1.0,Rural,1,5.220355825078324,9167.0,9.123365357961776,0.5138888888888888,8653.111111111111
391,LP002262,Male,Yes,3.0,Graduate,No,9504,0.0,275.0,360.0,1.0,Rural,1,5.616771097666572,9504.0,9.159468041602427,0.7638888888888888,8740.111111111111
392,LP002263,Male,Yes,0.0,Graduate,No,2583,2115.0,120.0,360.0,1.0,Urban,1,4.787491742782046,4698.0,8.454892165218858,0.3333333333333333,4364.666666666667
393,LP002265,Male,Yes,2.0,Not Graduate,No,1993,1625.0,113.0,180.0,1.0,Semiurban,1,4.727387818712341,3618.0,8.193676665955241,0.6277777777777778,2990.222222222222
394,LP002266,Male,Yes,2.0,Graduate,No,3100,1400.0,113.0,360.0,1.0,Urban,1,4.727387818712341,4500.0,8.411832675758411,0.3138888888888889,4186.111111111111
395,LP002272,Male,Yes,2.0,Graduate,No,3276,484.0,135.0,360.0,1.0,Semiurban,1,4.90527477843843,3760.0,8.23217423638394,0.375,3385.0
396,LP002277,Female,No,0.0,Graduate,No,3180,0.0,71.0,360.0,0.0,Urban,0,4.2626798770413155,3180.0,8.064636475774222,0.19722222222222222,2982.777777777778
397,LP002281,Male,Yes,0.0,Graduate,No,3033,1459.0,95.0,360.0,1.0,Urban,1,4.553876891600541,4492.0,8.410053315858335,0.2638888888888889,4228.111111111111
398,LP002284,Male,No,0.0,Not Graduate,No,3902,1666.0,109.0,360.0,1.0,Rural,1,4.6913478822291435,5568.0,8.624791202014256,0.30277777777777776,5265.222222222223
399,LP002287,Female,No,0.0,Graduate,No,1500,1800.0,103.0,360.0,0.0,Semiurban,0,4.634728988229636,3300.0,8.101677747454572,0.2861111111111111,3013.8888888888887
400,LP002288,Male,Yes,2.0,Not Graduate,No,2889,0.0,45.0,180.0,0.0,Urban,0,3.8066624897703196,2889.0,7.968665700466235,0.25,2639.0
401,LP002296,Male,No,0.0,Not Graduate,No,2755,0.0,65.0,300.0,1.0,Rural,0,4.174387269895637,2755.0,7.9211727215870145,0.21666666666666667,2538.3333333333335
402,LP002297,Male,No,0.0,Graduate,No,2500,20000.0,103.0,360.0,1.0,Semiurban,1,4.634728988229636,22500.0,10.021270588192511,0.2861111111111111,22213.88888888889
403,LP002300,Female,No,0.0,Not Graduate,No,1963,0.0,53.0,360.0,1.0,Semiurban,1,3.970291913552122,1963.0,7.5822291942764615,0.14722222222222223,1815.7777777777778
404,LP002301,Female,No,0.0,Graduate,Yes,7441,0.0,194.0,360.0,1.0,Rural,0,5.267858159063328,7441.0,8.914760527397261,0.5388888888888889,6902.111111111111
405,LP002305,Female,No,0.0,Graduate,No,4547,0.0,115.0,360.0,1.0,Semiurban,1,4.74493212836325,4547.0,8.42222295382501,0.3194444444444444,4227.555555555556
406,LP002308,Male,Yes,0.0,Not Graduate,No,2167,2400.0,115.0,360.0,1.0,Urban,1,4.74493212836325,4567.0,8.426611813185,0.3194444444444444,4247.555555555556
407,LP002314,Female,No,0.0,Not Graduate,No,2213,0.0,66.0,360.0,1.0,Rural,1,4.189654742026425,2213.0,7.70210434005105,0.18333333333333332,2029.6666666666667
408,LP002315,Male,Yes,1.0,Graduate,No,8300,0.0,152.0,300.0,0.0,Semiurban,0,5.0238805208462765,8300.0,9.02401079378469,0.5066666666666667,7793.333333333333
409,LP002317,Male,Yes,3.0,Graduate,No,81000,0.0,360.0,360.0,0.0,Rural,0,5.886104031450156,81000.0,11.302204433654575,1.0,80000.0
410,LP002318,Female,No,1.0,Not Graduate,Yes,3867,0.0,62.0,360.0,1.0,Semiurban,0,4.127134385045092,3867.0,8.260234291607297,0.17222222222222222,3694.777777777778
411,LP002319,Male,Yes,0.0,Graduate,No,6256,0.0,160.0,360.0,1.0,Urban,1,5.075173815233827,6256.0,8.741296282225147,0.4444444444444444,5811.555555555556
412,LP002328,Male,Yes,0.0,Not Graduate,No,6096,0.0,218.0,360.0,0.0,Rural,0,5.384495062789089,6096.0,8.715388097366482,0.6055555555555555,5490.444444444444
413,LP002332,Male,Yes,0.0,Not Graduate,No,2253,2033.0,110.0,360.0,1.0,Rural,1,4.700480365792417,4286.0,8.363109176033522,0.3055555555555556,3980.4444444444443
414,LP002335,Female,Yes,0.0,Not Graduate,No,2149,3237.0,178.0,360.0,0.0,Semiurban,0,5.181783550292085,5386.0,8.591558273371545,0.49444444444444446,4891.555555555556
415,LP002337,Female,No,0.0,Graduate,No,2995,0.0,60.0,360.0,1.0,Urban,1,4.0943445622221,2995.0,8.00469951054955,0.16666666666666666,2828.3333333333335
416,LP002341,Female,No,1.0,Graduate,No,2600,0.0,160.0,360.0,1.0,Urban,0,5.075173815233827,2600.0,7.8632667240095735,0.4444444444444444,2155.5555555555557
417,LP002342,Male,Yes,2.0,Graduate,Yes,1600,20000.0,239.0,360.0,1.0,Urban,0,5.476463551931511,21600.0,9.980448593672257,0.6638888888888889,20936.11111111111
418,LP002345,Male,Yes,0.0,Graduate,No,1025,2773.0,112.0,360.0,1.0,Rural,1,4.718498871295094,3798.0,8.242229891372231,0.3111111111111111,3486.8888888888887
419,LP002347,Male,Yes,0.0,Graduate,No,3246,1417.0,138.0,360.0,1.0,Semiurban,1,4.927253685157205,4663.0,8.44741429680832,0.38333333333333336,4279.666666666667
420,LP002348,Male,Yes,0.0,Graduate,No,5829,0.0,138.0,360.0,1.0,Rural,1,4.927253685157205,5829.0,8.67060073804555,0.38333333333333336,5445.666666666667
421,LP002357,Female,No,0.0,Not Graduate,No,2720,0.0,80.0,360.0,0.0,Urban,0,4.382026634673881,2720.0,7.908387159290043,0.2222222222222222,2497.777777777778
422,LP002361,Male,Yes,0.0,Graduate,No,1820,1719.0,100.0,360.0,1.0,Urban,1,4.605170185988092,3539.0,8.171599480345463,0.2777777777777778,3261.222222222222
423,LP002362,Male,Yes,1.0,Graduate,No,7250,1667.0,110.0,360.0,0.0,Urban,0,4.700480365792417,8917.0,9.095714846134879,0.3055555555555556,8611.444444444445
424,LP002364,Male,Yes,0.0,Graduate,No,14880,0.0,96.0,360.0,1.0,Semiurban,1,4.564348191467836,14880.0,9.607773308387083,0.26666666666666666,14613.333333333334
425,LP002366,Male,Yes,0.0,Graduate,No,2666,4300.0,121.0,360.0,1.0,Rural,1,4.795790545596741,6966.0,8.848796450925947,0.33611111111111114,6629.888888888889
426,LP002367,Female,No,1.0,Not Graduate,No,4606,0.0,81.0,360.0,1.0,Rural,0,4.394449154672439,4606.0,8.43511508038063,0.225,4381.0
427,LP002368,Male,Yes,2.0,Graduate,No,5935,0.0,133.0,360.0,1.0,Semiurban,1,4.890349128221754,5935.0,8.688622307043769,0.36944444444444446,5565.555555555556
428,LP002369,Male,Yes,0.0,Graduate,No,2920,16.12000084,87.0,360.0,1.0,Rural,1,4.465908118654584,2936.12000084,7.984844261119869,0.24166666666666667,2694.4533341733336
429,LP002370,Male,No,0.0,Not Graduate,No,2717,0.0,60.0,180.0,1.0,Urban,1,4.0943445622221,2717.0,7.907283609426348,0.3333333333333333,2383.6666666666665
430,LP002377,Female,No,1.0,Graduate,Yes,8624,0.0,150.0,360.0,1.0,Semiurban,1,5.0106352940962555,8624.0,9.06230429314878,0.4166666666666667,8207.333333333334
431,LP002379,Male,No,0.0,Graduate,No,6500,0.0,105.0,360.0,0.0,Rural,0,4.653960350157523,6500.0,8.779557455883728,0.2916666666666667,6208.333333333333
432,LP002386,Male,No,0.0,Graduate,No,12876,0.0,405.0,360.0,1.0,Semiurban,1,6.003887067106539,12876.0,9.463120392418698,1.125,11751.0
433,LP002387,Male,Yes,0.0,Graduate,No,2425,2340.0,143.0,360.0,1.0,Semiurban,1,4.962844630259907,4765.0,8.469052816088302,0.3972222222222222,4367.777777777777
434,LP002390,Male,No,0.0,Graduate,No,3750,0.0,100.0,360.0,1.0,Urban,1,4.605170185988092,3750.0,8.229511118964457,0.2777777777777778,3472.222222222222
435,LP002393,Female,Yes,0.0,Graduate,No,10047,0.0,128.0,240.0,1.0,Semiurban,1,4.852030263919617,10047.0,9.215029361462314,0.5333333333333333,9513.666666666666
436,LP002398,Male,No,0.0,Graduate,No,1926,1851.0,50.0,360.0,1.0,Semiurban,1,3.912023005428146,3777.0,8.236685322712457,0.1388888888888889,3638.1111111111113
437,LP002401,Male,Yes,0.0,Graduate,No,2213,1125.0,128.0,360.0,1.0,Urban,1,4.852030263919617,3338.0,8.11312710422178,0.35555555555555557,2982.4444444444443
438,LP002403,Male,No,0.0,Graduate,Yes,10416,0.0,187.0,360.0,0.0,Urban,0,5.231108616854587,10416.0,9.251098364448351,0.5194444444444445,9896.555555555555
439,LP002407,Female,Yes,0.0,Not Graduate,Yes,7142,0.0,138.0,360.0,1.0,Rural,1,4.927253685157205,7142.0,8.873748128154395,0.38333333333333336,6758.666666666667
440,LP002408,Male,No,0.0,Graduate,No,3660,5064.0,187.0,360.0,1.0,Semiurban,1,5.231108616854587,8724.0,9.07383312732152,0.5194444444444445,8204.555555555555
441,LP002409,Male,Yes,0.0,Graduate,No,7901,1833.0,180.0,360.0,1.0,Rural,1,5.19295685089021,9734.0,9.1833801903934,0.5,9234.0
442,LP002418,Male,No,3.0,Not Graduate,No,4707,1993.0,148.0,360.0,1.0,Semiurban,1,4.997212273764115,6700.0,8.809862805379057,0.4111111111111111,6288.888888888889
443,LP002422,Male,No,1.0,Graduate,No,37719,0.0,152.0,360.0,1.0,Semiurban,1,5.0238805208462765,37719.0,10.537919225261291,0.4222222222222222,37296.77777777778
444,LP002424,Male,Yes,0.0,Graduate,No,7333,8333.0,175.0,300.0,1.0,Rural,1,5.1647859739235145,15666.0,9.659248037927183,0.5833333333333334,15082.666666666666
445,LP002429,Male,Yes,1.0,Graduate,Yes,3466,1210.0,130.0,360.0,1.0,Rural,1,4.867534450455582,4676.0,8.450198322591959,0.3611111111111111,4314.888888888889
446,LP002434,Male,Yes,2.0,Not Graduate,No,4652,0.0,110.0,360.0,1.0,Rural,1,4.700480365792417,4652.0,8.445052513638554,0.3055555555555556,4346.444444444444
447,LP002435,Male,Yes,0.0,Graduate,No,3539,1376.0,55.0,360.0,1.0,Rural,0,4.007333185232471,4915.0,8.500047032581268,0.1527777777777778,4762.222222222223
448,LP002443,Male,Yes,2.0,Graduate,No,3340,1710.0,150.0,360.0,0.0,Rural,0,5.0106352940962555,5050.0,8.527143522269405,0.4166666666666667,4633.333333333333
449,LP002444,Male,No,1.0,Not Graduate,Yes,2769,1542.0,190.0,360.0,1.0,Semiurban,0,5.247024072160486,4311.0,8.368925174747135,0.5277777777777778,3783.222222222222
450,LP002446,Male,Yes,2.0,Not Graduate,No,2309,1255.0,125.0,360.0,0.0,Rural,0,4.8283137373023015,3564.0,8.1786387885907,0.3472222222222222,3216.777777777778
451,LP002447,Male,Yes,2.0,Not Graduate,No,1958,1456.0,60.0,300.0,1.0,Urban,1,4.0943445622221,3414.0,8.135639903354386,0.2,3214.0
452,LP002448,Male,Yes,0.0,Graduate,No,3948,1733.0,149.0,360.0,0.0,Rural,0,5.003946305945459,5681.0,8.644882552557126,0.41388888888888886,5267.111111111111
453,LP002449,Male,Yes,0.0,Graduate,No,2483,2466.0,90.0,180.0,0.0,Rural,1,4.499809670330265,4949.0,8.506940814951886,0.5,4449.0
454,LP002453,Male,No,0.0,Graduate,Yes,7085,0.0,84.0,360.0,1.0,Semiurban,1,4.430816798843313,7085.0,8.865735152124781,0.23333333333333334,6851.666666666667
455,LP002455,Male,Yes,2.0,Graduate,No,3859,0.0,96.0,360.0,1.0,Semiurban,1,4.564348191467836,3859.0,8.258163361537619,0.26666666666666666,3592.3333333333335
456,LP002459,Male,Yes,0.0,Graduate,No,4301,0.0,118.0,360.0,1.0,Urban,1,4.770684624465665,4301.0,8.366602832783736,0.3277777777777778,3973.222222222222
457,LP002467,Male,Yes,0.0,Graduate,No,3708,2569.0,173.0,360.0,1.0,Urban,0,5.153291594497779,6277.0,8.744647438317532,0.48055555555555557,5796.444444444444
458,LP002472,Male,No,2.0,Graduate,No,4354,0.0,136.0,360.0,1.0,Rural,1,4.912654885736052,4354.0,8.378850241794492,0.37777777777777777,3976.222222222222
459,LP002473,Male,Yes,0.0,Graduate,No,8334,0.0,160.0,360.0,1.0,Semiurban,0,5.075173815233827,8334.0,9.0280988119824,0.4444444444444444,7889.555555555556
460,LP002478,Male,Yes,0.0,Graduate,Yes,2083,4083.0,160.0,360.0,1.0,Semiurban,1,5.075173815233827,6166.0,8.726805608446096,0.4444444444444444,5721.555555555556
461,LP002484,Male,Yes,3.0,Graduate,No,7740,0.0,128.0,180.0,1.0,Urban,1,4.852030263919617,7740.0,8.954156966583772,0.7111111111111111,7028.888888888889
462,LP002487,Male,Yes,0.0,Graduate,No,3015,2188.0,153.0,360.0,1.0,Rural,1,5.030437921392435,5203.0,8.556990661290303,0.425,4778.0
463,LP002489,Female,No,1.0,Not Graduate,No,5191,0.0,132.0,360.0,1.0,Semiurban,1,4.882801922586371,5191.0,8.55468163582723,0.36666666666666664,4824.333333333333
464,LP002493,Male,No,0.0,Graduate,No,4166,0.0,98.0,360.0,0.0,Semiurban,0,4.584967478670572,4166.0,8.334711621820917,0.2722222222222222,3893.777777777778
465,LP002494,Male,No,0.0,Graduate,No,6000,0.0,140.0,360.0,1.0,Rural,1,4.941642422609304,6000.0,8.699514748210191,0.3888888888888889,5611.111111111111
466,LP002500,Male,Yes,3.0,Not Graduate,No,2947,1664.0,70.0,180.0,0.0,Urban,0,4.248495242049359,4611.0,8.436200032206706,0.3888888888888889,4222.111111111111
467,LP002501,Male,Yes,0.0,Graduate,No,16692,0.0,110.0,360.0,1.0,Semiurban,1,4.700480365792417,16692.0,9.722684841711443,0.3055555555555556,16386.444444444445
468,LP002502,Female,Yes,2.0,Not Graduate,No,210,2917.0,98.0,360.0,1.0,Semiurban,1,4.584967478670572,3127.0,8.047829357457841,0.2722222222222222,2854.777777777778
469,LP002505,Male,Yes,0.0,Graduate,No,4333,2451.0,110.0,360.0,1.0,Urban,0,4.700480365792417,6784.0,8.822322177471738,0.3055555555555556,6478.444444444444
470,LP002515,Male,Yes,1.0,Graduate,Yes,3450,2079.0,162.0,360.0,1.0,Semiurban,1,5.087596335232384,5529.0,8.617762246337932,0.45,5079.0
471,LP002517,Male,Yes,1.0,Not Graduate,No,2653,1500.0,113.0,180.0,0.0,Rural,0,4.727387818712341,4153.0,8.331586243630754,0.6277777777777778,3525.222222222222
472,LP002519,Male,Yes,3.0,Graduate,No,4691,0.0,100.0,360.0,1.0,Semiurban,1,4.605170185988092,4691.0,8.453401058328458,0.2777777777777778,4413.222222222223
473,LP002522,Female,No,0.0,Graduate,Yes,2500,0.0,93.0,360.0,1.0,Urban,1,4.532599493153256,2500.0,7.824046010856292,0.25833333333333336,2241.6666666666665
474,LP002524,Male,No,2.0,Graduate,No,5532,4648.0,162.0,360.0,1.0,Rural,1,5.087596335232384,10180.0,9.228180290104513,0.45,9730.0
475,LP002527,Male,Yes,2.0,Graduate,Yes,16525,1014.0,150.0,360.0,1.0,Rural,1,5.0106352940962555,17539.0,9.772182251758139,0.4166666666666667,17122.333333333332
476,LP002529,Male,Yes,2.0,Graduate,No,6700,1750.0,230.0,300.0,1.0,Semiurban,1,5.438079308923196,8450.0,9.041921720351219,0.7666666666666667,7683.333333333333
477,LP002530,Male,Yes,2.0,Graduate,No,2873,1872.0,132.0,360.0,0.0,Semiurban,0,4.882801922586371,4745.0,8.464846711044029,0.36666666666666664,4378.333333333333
478,LP002531,Male,Yes,1.0,Graduate,Yes,16667,2250.0,86.0,360.0,1.0,Semiurban,1,4.454347296253507,18917.0,9.847816267665664,0.2388888888888889,18678.11111111111
479,LP002533,Male,Yes,2.0,Graduate,No,2947,1603.0,128.0,360.0,1.0,Urban,0,4.852030263919617,4550.0,8.422882511944996,0.35555555555555557,4194.444444444444
480,LP002534,Female,No,0.0,Not Graduate,No,4350,0.0,154.0,360.0,1.0,Rural,1,5.0369526024136295,4350.0,8.37793112408273,0.42777777777777776,3922.222222222222
481,LP002536,Male,Yes,3.0,Not Graduate,No,3095,0.0,113.0,360.0,1.0,Rural,1,4.727387818712341,3095.0,8.037543185118697,0.3138888888888889,2781.1111111111113
482,LP002537,Male,Yes,0.0,Graduate,No,2083,3150.0,128.0,360.0,1.0,Semiurban,1,4.852030263919617,5233.0,8.562740006372207,0.35555555555555557,4877.444444444444
483,LP002541,Male,Yes,0.0,Graduate,No,10833,0.0,234.0,360.0,1.0,Semiurban,1,5.455321115357702,10833.0,9.290352309945568,0.65,10183.0
484,LP002543,Male,Yes,2.0,Graduate,No,8333,0.0,246.0,360.0,1.0,Semiurban,1,5.5053315359323625,8333.0,9.027978814382207,0.6833333333333333,7649.666666666667
485,LP002544,Male,Yes,1.0,Not Graduate,No,1958,2436.0,131.0,360.0,1.0,Rural,1,4.875197323201151,4394.0,8.387995252944556,0.3638888888888889,4030.1111111111113
486,LP002545,Male,No,2.0,Graduate,No,3547,0.0,80.0,360.0,0.0,Rural,0,4.382026634673881,3547.0,8.173857454773621,0.2222222222222222,3324.777777777778
487,LP002547,Male,Yes,1.0,Graduate,No,18333,0.0,500.0,360.0,1.0,Urban,0,6.214608098422191,18333.0,9.816457993563025,1.3888888888888888,16944.11111111111
488,LP002555,Male,Yes,2.0,Graduate,Yes,4583,2083.0,160.0,360.0,1.0,Semiurban,1,5.075173815233827,6666.0,8.804775258867686,0.4444444444444444,6221.555555555556
489,LP002556,Male,No,0.0,Graduate,No,2435,0.0,75.0,360.0,1.0,Urban,0,4.31748811353631,2435.0,7.79770203551669,0.20833333333333334,2226.6666666666665
490,LP002560,Male,No,0.0,Not Graduate,No,2699,2785.0,96.0,360.0,1.0,Semiurban,1,4.564348191467836,5484.0,8.609590040682205,0.26666666666666666,5217.333333333333
491,LP002562,Male,Yes,1.0,Not Graduate,No,5333,1131.0,186.0,360.0,1.0,Urban,1,5.225746673713202,6464.0,8.774003600200931,0.5166666666666667,5947.333333333333
492,LP002571,Male,No,0.0,Not Graduate,No,3691,0.0,110.0,360.0,1.0,Rural,1,4.700480365792417,3691.0,8.213652703029998,0.3055555555555556,3385.4444444444443
493,LP002582,Female,No,0.0,Not Graduate,Yes,17263,0.0,225.0,360.0,1.0,Semiurban,1,5.41610040220442,17263.0,9.756320761816548,0.625,16638.0
494,LP002585,Male,Yes,0.0,Graduate,No,3597,2157.0,119.0,360.0,0.0,Rural,0,4.77912349311153,5754.0,8.657650544111494,0.33055555555555555,5423.444444444444
495,LP002586,Female,Yes,1.0,Graduate,No,3326,913.0,105.0,84.0,1.0,Semiurban,1,4.653960350157523,4239.0,8.352082671352637,1.25,2989.0
496,LP002587,Male,Yes,0.0,Not Graduate,No,2600,1700.0,107.0,360.0,1.0,Rural,1,4.672828834461906,4300.0,8.366370301681654,0.2972222222222222,4002.777777777778
497,LP002588,Male,Yes,0.0,Graduate,No,4625,2857.0,111.0,12.0,1.0,Urban,1,4.709530201312334,7482.0,8.920255414908091,9.25,-1768.0
498,LP002600,Male,Yes,1.0,Graduate,Yes,2895,0.0,95.0,360.0,1.0,Semiurban,1,4.553876891600541,2895.0,7.970740390007095,0.2638888888888889,2631.1111111111113
499,LP002602,Male,No,0.0,Graduate,No,6283,4416.0,209.0,360.0,0.0,Rural,0,5.342334251964811,10699.0,9.277905558138606,0.5805555555555556,10118.444444444445
500,LP002603,Female,No,0.0,Graduate,No,645,3683.0,113.0,480.0,1.0,Rural,1,4.727387818712341,4328.0,8.372860820526318,0.23541666666666666,4092.5833333333335
501,LP002606,Female,No,0.0,Graduate,No,3159,0.0,100.0,360.0,1.0,Semiurban,1,4.605170185988092,3159.0,8.058010800802085,0.2777777777777778,2881.222222222222
502,LP002615,Male,Yes,2.0,Graduate,No,4865,5624.0,208.0,360.0,1.0,Semiurban,1,5.337538079701318,10489.0,9.258082367961604,0.5777777777777777,9911.222222222223
503,LP002618,Male,Yes,1.0,Not Graduate,No,4050,5302.0,138.0,360.0,1.0,Rural,0,4.927253685157205,9352.0,9.143345503151904,0.38333333333333336,8968.666666666666
504,LP002619,Male,Yes,0.0,Not Graduate,No,3814,1483.0,124.0,300.0,1.0,Semiurban,1,4.820281565605037,5297.0,8.574895901544526,0.41333333333333333,4883.666666666667
505,LP002622,Male,Yes,2.0,Graduate,No,3510,4416.0,243.0,360.0,1.0,Rural,1,5.493061443340548,7926.0,8.97790377375038,0.675,7251.0
506,LP002624,Male,Yes,0.0,Graduate,No,20833,6667.0,480.0,360.0,1.0,Urban,1,6.173786103901937,27500.0,10.221941283654663,1.3333333333333333,26166.666666666668
507,LP002625,Male,No,0.0,Graduate,No,3583,0.0,96.0,360.0,1.0,Urban,0,4.564348191467836,3583.0,8.183955717304954,0.26666666666666666,3316.3333333333335
508,LP002626,Male,Yes,0.0,Graduate,Yes,2479,3013.0,188.0,360.0,1.0,Urban,1,5.236441962829949,5492.0,8.61104776688786,0.5222222222222223,4969.777777777777
509,LP002634,Female,No,1.0,Graduate,No,13262,0.0,40.0,360.0,1.0,Urban,1,3.6888794541139363,13262.0,9.492658081928813,0.1111111111111111,13150.888888888889
510,LP002637,Male,No,0.0,Not Graduate,No,3598,1287.0,100.0,360.0,1.0,Rural,0,4.605170185988092,4885.0,8.493924564476883,0.2777777777777778,4607.222222222223
511,LP002640,Male,Yes,1.0,Graduate,No,6065,2004.0,250.0,360.0,1.0,Semiurban,1,5.521460917862246,8069.0,8.995784837848506,0.6944444444444444,7374.555555555556
512,LP002643,Male,Yes,2.0,Graduate,No,3283,2035.0,148.0,360.0,1.0,Urban,1,4.997212273764115,5318.0,8.578852571802965,0.4111111111111111,4906.888888888889
513,LP002648,Male,Yes,0.0,Graduate,No,2130,6666.0,70.0,180.0,1.0,Semiurban,0,4.248495242049359,8796.0,9.082052351674651,0.3888888888888889,8407.111111111111
514,LP002652,Male,No,0.0,Graduate,No,5815,3666.0,311.0,360.0,1.0,Rural,0,5.739792912179234,9481.0,9.15704507491796,0.8638888888888889,8617.111111111111
515,LP002659,Male,Yes,3.0,Graduate,No,3466,3428.0,150.0,360.0,1.0,Rural,1,5.0106352940962555,6894.0,8.83840674707681,0.4166666666666667,6477.333333333333
516,LP002670,Female,Yes,2.0,Graduate,No,2031,1632.0,113.0,480.0,1.0,Semiurban,1,4.727387818712341,3663.0,8.206037762778815,0.23541666666666666,3427.5833333333335
517,LP002682,Male,Yes,0.0,Not Graduate,No,3074,1800.0,123.0,360.0,0.0,Semiurban,0,4.812184355372417,4874.0,8.491670234185152,0.3416666666666667,4532.333333333333
518,LP002683,Male,No,0.0,Graduate,No,4683,1915.0,185.0,360.0,1.0,Semiurban,0,5.220355825078324,6598.0,8.794521851788527,0.5138888888888888,6084.111111111111
519,LP002684,Female,No,0.0,Not Graduate,No,3400,0.0,95.0,360.0,1.0,Rural,0,4.553876891600541,3400.0,8.131530710604252,0.2638888888888889,3136.1111111111113
520,LP002689,Male,Yes,2.0,Not Graduate,No,2192,1742.0,45.0,360.0,1.0,Semiurban,1,3.8066624897703196,3934.0,8.277411998949004,0.125,3809.0
521,LP002690,Male,No,0.0,Graduate,No,2500,0.0,55.0,360.0,1.0,Semiurban,1,4.007333185232471,2500.0,7.824046010856292,0.1527777777777778,2347.222222222222
522,LP002692,Male,Yes,3.0,Graduate,Yes,5677,1424.0,100.0,360.0,1.0,Rural,1,4.605170185988092,7101.0,8.867990898182093,0.2777777777777778,6823.222222222223
523,LP002693,Male,Yes,2.0,Graduate,Yes,7948,7166.0,480.0,360.0,1.0,Rural,1,6.173786103901937,15114.0,9.623376745580666,1.3333333333333333,13780.666666666666
524,LP002697,Male,No,0.0,Graduate,No,4680,2087.0,128.0,360.0,1.0,Semiurban,0,4.852030263919617,6767.0,8.819813136232225,0.35555555555555557,6411.444444444444
525,LP002699,Male,Yes,2.0,Graduate,Yes,17500,0.0,400.0,360.0,1.0,Rural,1,5.991464547107982,17500.0,9.769956159911606,1.1111111111111112,16388.88888888889
526,LP002705,Male,Yes,0.0,Graduate,No,3775,0.0,110.0,360.0,1.0,Semiurban,1,4.700480365792417,3775.0,8.236155661683124,0.3055555555555556,3469.4444444444443
527,LP002706,Male,Yes,1.0,Not Graduate,No,5285,1430.0,161.0,360.0,0.0,Semiurban,1,5.081404364984463,6715.0,8.812099108957337,0.44722222222222224,6267.777777777777
528,LP002714,Male,No,1.0,Not Graduate,No,2679,1302.0,94.0,360.0,1.0,Semiurban,1,4.543294782270004,3981.0,8.289288323000317,0.2611111111111111,3719.8888888888887
529,LP002716,Male,No,0.0,Not Graduate,No,6783,0.0,130.0,360.0,1.0,Semiurban,1,4.867534450455582,6783.0,8.82217476094608,0.3611111111111111,6421.888888888889
530,LP002717,Male,Yes,0.0,Graduate,No,1025,5500.0,216.0,360.0,1.0,Rural,1,5.375278407684165,6525.0,8.783396232190894,0.6,5925.0
531,LP002720,Male,Yes,3.0,Graduate,No,4281,0.0,100.0,360.0,1.0,Urban,1,4.605170185988092,4281.0,8.361941906144946,0.2777777777777778,4003.222222222222
532,LP002723,Male,No,2.0,Graduate,No,3588,0.0,110.0,360.0,0.0,Rural,0,4.700480365792417,3588.0,8.185350223178686,0.3055555555555556,3282.4444444444443
533,LP002729,Male,No,1.0,Graduate,No,11250,0.0,196.0,360.0,1.0,Semiurban,0,5.278114659230517,11250.0,9.328123407632566,0.5444444444444444,10705.555555555555
534,LP002731,Female,No,0.0,Not Graduate,Yes,18165,0.0,125.0,360.0,1.0,Urban,1,4.8283137373023015,18165.0,9.807251944655302,0.3472222222222222,17817.777777777777
535,LP002732,Male,No,0.0,Not Graduate,No,2550,2042.0,126.0,360.0,1.0,Rural,1,4.836281906951478,4592.0,8.432070937999402,0.35,4242.0
536,LP002734,Male,Yes,0.0,Graduate,No,6133,3906.0,324.0,360.0,1.0,Urban,1,5.780743515792329,10039.0,9.214232786691527,0.9,9139.0
537,LP002738,Male,No,2.0,Graduate,No,3617,0.0,107.0,360.0,1.0,Semiurban,1,4.672828834461906,3617.0,8.193400231952097,0.2972222222222222,3319.777777777778
538,LP002739,Male,Yes,0.0,Not Graduate,No,2917,536.0,66.0,360.0,1.0,Rural,0,4.189654742026425,3453.0,8.146998697389993,0.18333333333333332,3269.6666666666665
539,LP002740,Male,Yes,3.0,Graduate,No,6417,0.0,157.0,180.0,1.0,Rural,1,5.056245805348308,6417.0,8.766705997750515,0.8722222222222222,5544.777777777777
540,LP002741,Female,Yes,1.0,Graduate,No,4608,2845.0,140.0,180.0,1.0,Semiurban,1,4.941642422609304,7453.0,8.916371914881694,0.7777777777777778,6675.222222222223
541,LP002743,Female,No,0.0,Graduate,No,2138,0.0,99.0,360.0,0.0,Semiurban,0,4.59511985013459,2138.0,7.6676260915849905,0.275,1863.0
542,LP002753,Female,No,1.0,Graduate,No,3652,0.0,95.0,360.0,1.0,Semiurban,1,4.553876891600541,3652.0,8.20303024171486,0.2638888888888889,3388.1111111111113
543,LP002755,Male,Yes,1.0,Not Graduate,No,2239,2524.0,128.0,360.0,1.0,Urban,1,4.852030263919617,4763.0,8.46863300080086,0.35555555555555557,4407.444444444444
544,LP002757,Female,Yes,0.0,Not Graduate,No,3017,663.0,102.0,360.0,1.0,Semiurban,1,4.624972813284271,3680.0,8.210668031162976,0.2833333333333333,3396.6666666666665
545,LP002767,Male,Yes,0.0,Graduate,No,2768,1950.0,155.0,360.0,1.0,Rural,1,5.043425116919247,4718.0,8.45914025996762,0.4305555555555556,4287.444444444444
546,LP002768,Male,No,0.0,Not Graduate,No,3358,0.0,80.0,36.0,1.0,Semiurban,0,4.382026634673881,3358.0,8.119100837637486,2.2222222222222223,1135.7777777777778
547,LP002772,Male,No,0.0,Graduate,No,2526,1783.0,145.0,360.0,1.0,Rural,1,4.976733742420574,4309.0,8.368461137615839,0.4027777777777778,3906.222222222222
548,LP002776,Female,No,0.0,Graduate,No,5000,0.0,103.0,360.0,0.0,Semiurban,0,4.634728988229636,5000.0,8.517193191416238,0.2861111111111111,4713.888888888889
549,LP002777,Male,Yes,0.0,Graduate,No,2785,2016.0,110.0,360.0,1.0,Rural,1,4.700480365792417,4801.0,8.476579508530941,0.3055555555555556,4495.444444444444
550,LP002778,Male,Yes,2.0,Graduate,Yes,6633,0.0,128.0,360.0,0.0,Rural,0,4.852030263919617,6633.0,8.799812469525556,0.35555555555555557,6277.444444444444
551,LP002784,Male,Yes,1.0,Not Graduate,No,2492,2375.0,128.0,360.0,1.0,Rural,1,4.852030263919617,4867.0,8.490233009833455,0.35555555555555557,4511.444444444444
552,LP002785,Male,Yes,1.0,Graduate,No,3333,3250.0,158.0,360.0,1.0,Urban,1,5.062595033026967,6583.0,8.792245847467877,0.4388888888888889,6144.111111111111
553,LP002788,Male,Yes,0.0,Not Graduate,No,2454,2333.0,181.0,360.0,0.0,Urban,0,5.198497031265826,4787.0,8.473659189392508,0.5027777777777778,4284.222222222223
554,LP002789,Male,Yes,0.0,Graduate,No,3593,4266.0,132.0,180.0,0.0,Rural,0,4.882801922586371,7859.0,8.969414650866176,0.7333333333333333,7125.666666666667
555,LP002792,Male,Yes,1.0,Graduate,No,5468,1032.0,26.0,360.0,1.0,Semiurban,1,3.258096538021482,6500.0,8.779557455883728,0.07222222222222222,6427.777777777777
556,LP002794,Female,No,0.0,Graduate,No,2667,1625.0,84.0,360.0,1.0,Urban,1,4.430816798843313,4292.0,8.36450810375059,0.23333333333333334,4058.6666666666665
557,LP002795,Male,Yes,3.0,Graduate,Yes,10139,0.0,260.0,360.0,1.0,Semiurban,1,5.560681631015528,10139.0,9.22414465295258,0.7222222222222222,9416.777777777777
558,LP002798,Male,Yes,0.0,Graduate,No,3887,2669.0,162.0,360.0,1.0,Semiurban,1,5.087596335232384,6556.0,8.78813593986372,0.45,6106.0
559,LP002804,Female,Yes,0.0,Graduate,No,4180,2306.0,182.0,360.0,1.0,Semiurban,1,5.204006687076795,6486.0,8.777401286867264,0.5055555555555555,5980.444444444444
560,LP002807,Male,Yes,2.0,Not Graduate,No,3675,242.0,108.0,360.0,1.0,Semiurban,1,4.68213122712422,3917.0,8.27308133366583,0.3,3617.0
561,LP002813,Female,Yes,1.0,Graduate,Yes,19484,0.0,600.0,360.0,1.0,Semiurban,1,6.396929655216146,19484.0,9.877348894926433,1.6666666666666667,17817.333333333332
562,LP002820,Male,Yes,0.0,Graduate,No,5923,2054.0,211.0,360.0,1.0,Rural,1,5.351858133476067,7977.0,8.984317679911129,0.5861111111111111,7390.888888888889
563,LP002821,Male,No,0.0,Not Graduate,Yes,5800,0.0,132.0,360.0,1.0,Semiurban,1,4.882801922586371,5800.0,8.66561319653451,0.36666666666666664,5433.333333333333
564,LP002832,Male,Yes,2.0,Graduate,No,8799,0.0,258.0,360.0,0.0,Urban,0,5.552959584921617,8799.0,9.08239335764556,0.7166666666666667,8082.333333333333
565,LP002833,Male,Yes,0.0,Not Graduate,No,4467,0.0,120.0,360.0,1.0,Rural,1,4.787491742782046,4467.0,8.404472321352118,0.3333333333333333,4133.666666666667
566,LP002836,Male,No,0.0,Graduate,No,3333,0.0,70.0,360.0,1.0,Urban,1,4.248495242049359,3333.0,8.11162807830774,0.19444444444444445,3138.5555555555557
567,LP002837,Male,Yes,3.0,Graduate,No,3400,2500.0,123.0,360.0,0.0,Rural,0,4.812184355372417,5900.0,8.68270762989381,0.3416666666666667,5558.333333333333
568,LP002840,Female,No,0.0,Graduate,No,2378,0.0,9.0,360.0,1.0,Urban,0,2.1972245773362196,2378.0,7.774015077250727,0.025,2353.0
569,LP002841,Male,Yes,0.0,Graduate,No,3166,2064.0,104.0,360.0,0.0,Urban,0,4.6443908991413725,5230.0,8.56216655705897,0.28888888888888886,4941.111111111111
570,LP002842,Male,Yes,1.0,Graduate,No,3417,1750.0,186.0,360.0,1.0,Urban,1,5.225746673713202,5167.0,8.550047528287184,0.5166666666666667,4650.333333333333
571,LP002847,Male,Yes,0.0,Graduate,No,5116,1451.0,165.0,360.0,0.0,Urban,0,5.10594547390058,6567.0,8.789812386190972,0.4583333333333333,6108.666666666667
572,LP002855,Male,Yes,2.0,Graduate,No,16666,0.0,275.0,360.0,1.0,Urban,1,5.616771097666572,16666.0,9.721125994942152,0.7638888888888888,15902.111111111111
573,LP002862,Male,Yes,2.0,Not Graduate,No,6125,1625.0,187.0,480.0,1.0,Semiurban,0,5.231108616854587,7750.0,8.955448122347393,0.38958333333333334,7360.416666666667
574,LP002863,Male,Yes,3.0,Graduate,No,6406,0.0,150.0,360.0,1.0,Semiurban,0,5.0106352940962555,6406.0,8.764990330169104,0.4166666666666667,5989.333333333333
575,LP002868,Male,Yes,2.0,Graduate,No,3159,461.0,108.0,84.0,1.0,Urban,1,4.68213122712422,3620.0,8.194229304819817,1.2857142857142858,2334.285714285714
576,LP002872,Male,Yes,0.0,Graduate,No,3087,2210.0,136.0,360.0,0.0,Semiurban,0,4.912654885736052,5297.0,8.574895901544526,0.37777777777777777,4919.222222222223
577,LP002874,Male,No,0.0,Graduate,No,3229,2739.0,110.0,360.0,1.0,Urban,1,4.700480365792417,5968.0,8.694167141883597,0.3055555555555556,5662.444444444444
578,LP002877,Male,Yes,1.0,Graduate,No,1782,2232.0,107.0,360.0,1.0,Rural,1,4.672828834461906,4014.0,8.297543529356284,0.2972222222222222,3716.777777777778
579,LP002888,Male,No,0.0,Graduate,No,3182,2917.0,161.0,360.0,1.0,Urban,1,5.081404364984463,6099.0,8.715880102296456,0.44722222222222224,5651.777777777777
580,LP002892,Male,Yes,2.0,Graduate,No,6540,0.0,205.0,360.0,1.0,Semiurban,1,5.3230099791384085,6540.0,8.785692444451245,0.5694444444444444,5970.555555555556
581,LP002893,Male,No,0.0,Graduate,No,1836,33837.0,90.0,360.0,1.0,Urban,0,4.499809670330265,35673.0,10.482149379105689,0.25,35423.0
582,LP002894,Female,Yes,0.0,Graduate,No,3166,0.0,36.0,360.0,1.0,Semiurban,1,3.58351893845611,3166.0,8.060224240440958,0.1,3066.0
583,LP002898,Male,Yes,1.0,Graduate,No,1880,0.0,61.0,360.0,1.0,Rural,0,4.110873864173311,1880.0,7.539027055823995,0.16944444444444445,1710.5555555555557
584,LP002911,Male,Yes,1.0,Graduate,No,2787,1917.0,146.0,360.0,0.0,Rural,0,4.983606621708336,4704.0,8.456168489578463,0.40555555555555556,4298.444444444444
585,LP002912,Male,Yes,1.0,Graduate,No,4283,3000.0,172.0,84.0,1.0,Rural,0,5.147494476813453,7283.0,8.893298144217916,2.0476190476190474,5235.380952380952
586,LP002916,Male,Yes,0.0,Graduate,No,2297,1522.0,104.0,360.0,1.0,Urban,1,4.6443908991413725,3819.0,8.247743887225516,0.28888888888888886,3530.1111111111113
587,LP002917,Female,No,0.0,Not Graduate,No,2165,0.0,70.0,360.0,1.0,Semiurban,1,4.248495242049359,2165.0,7.68017564043659,0.19444444444444445,1970.5555555555557
588,LP002925,Male,No,0.0,Graduate,No,4750,0.0,94.0,360.0,1.0,Semiurban,1,4.543294782270004,4750.0,8.465899897028686,0.2611111111111111,4488.888888888889
589,LP002926,Male,Yes,2.0,Graduate,Yes,2726,0.0,106.0,360.0,0.0,Semiurban,0,4.663439094112067,2726.0,7.9105906122564775,0.29444444444444445,2431.5555555555557
590,LP002928,Male,Yes,0.0,Graduate,No,3000,3416.0,56.0,180.0,1.0,Semiurban,1,4.02535169073515,6416.0,8.766550149546351,0.3111111111111111,6104.888888888889
591,LP002931,Male,Yes,2.0,Graduate,Yes,6000,0.0,205.0,240.0,1.0,Semiurban,0,5.3230099791384085,6000.0,8.699514748210191,0.8541666666666666,5145.833333333333
592,LP002933,Male,No,3.0,Graduate,Yes,9357,0.0,292.0,360.0,1.0,Semiurban,1,5.676753802268282,9357.0,9.143880005275912,0.8111111111111111,8545.888888888889
593,LP002936,Male,Yes,0.0,Graduate,No,3859,3300.0,142.0,180.0,1.0,Rural,1,4.955827057601261,7159.0,8.876125585396185,0.7888888888888889,6370.111111111111
594,LP002938,Male,Yes,0.0,Graduate,Yes,16120,0.0,260.0,360.0,1.0,Urban,1,5.560681631015528,16120.0,9.68781601606062,0.7222222222222222,15397.777777777777
595,LP002940,Male,No,0.0,Not Graduate,No,3833,0.0,110.0,360.0,1.0,Rural,1,4.700480365792417,3833.0,8.251403065380556,0.3055555555555556,3527.4444444444443
596,LP002941,Male,Yes,2.0,Not Graduate,Yes,6383,1000.0,187.0,360.0,1.0,Rural,0,5.231108616854587,7383.0,8.906935339059165,0.5194444444444445,6863.555555555556
597,LP002943,Male,No,0.0,Graduate,No,2987,0.0,88.0,360.0,0.0,Semiurban,0,4.477336814478207,2987.0,8.00202481821611,0.24444444444444444,2742.5555555555557
598,LP002945,Male,Yes,0.0,Graduate,Yes,9963,0.0,180.0,360.0,1.0,Rural,1,5.19295685089021,9963.0,9.206633510044856,0.5,9463.0
599,LP002948,Male,Yes,2.0,Graduate,No,5780,0.0,192.0,360.0,1.0,Urban,1,5.2574953720277815,5780.0,8.662158961666423,0.5333333333333333,5246.666666666667
600,LP002949,Female,No,3.0,Graduate,No,416,41667.0,350.0,180.0,1.0,Urban,0,5.857933154483459,42083.0,10.647399137646048,1.9444444444444444,40138.555555555555
601,LP002950,Male,Yes,0.0,Not Graduate,No,2894,2792.0,155.0,360.0,1.0,Rural,1,5.043425116919247,5686.0,8.645762292210945,0.4305555555555556,5255.444444444444
602,LP002953,Male,Yes,3.0,Graduate,No,5703,0.0,128.0,360.0,1.0,Urban,1,4.852030263919617,5703.0,8.648747631156539,0.35555555555555557,5347.444444444444
603,LP002958,Male,No,0.0,Graduate,No,3676,4301.0,172.0,360.0,1.0,Rural,1,5.147494476813453,7977.0,8.984317679911129,0.4777777777777778,7499.222222222223
604,LP002959,Female,Yes,1.0,Graduate,No,12000,0.0,496.0,360.0,1.0,Semiurban,1,6.206575926724928,12000.0,9.392661928770137,1.3777777777777778,10622.222222222223
605,LP002960,Male,Yes,0.0,Not Graduate,No,2400,3800.0,128.0,180.0,1.0,Urban,0,4.852030263919617,6200.0,8.732304571033183,0.7111111111111111,5488.888888888889
606,LP002961,Male,Yes,1.0,Graduate,No,3400,2500.0,173.0,360.0,1.0,Semiurban,1,5.153291594497779,5900.0,8.68270762989381,0.48055555555555557,5419.444444444444
607,LP002964,Male,Yes,2.0,Not Graduate,No,3987,1411.0,157.0,360.0,1.0,Rural,1,5.056245805348308,5398.0,8.59378379357795,0.4361111111111111,4961.888888888889
608,LP002974,Male,Yes,0.0,Graduate,No,3232,1950.0,108.0,360.0,1.0,Rural,1,4.68213122712422,5182.0,8.552946361122055,0.3,4882.0
609,LP002978,Female,No,0.0,Graduate,No,2900,0.0,71.0,360.0,1.0,Rural,1,4.2626798770413155,2900.0,7.9724660159745655,0.19722222222222222,2702.777777777778
610,LP002979,Male,Yes,3.0,Graduate,No,4106,0.0,40.0,180.0,1.0,Rural,1,3.6888794541139363,4106.0,8.32020459757888,0.2222222222222222,3883.777777777778
611,LP002983,Male,Yes,1.0,Graduate,No,8072,240.0,253.0,360.0,1.0,Urban,1,5.53338948872752,8312.0,9.025455532779063,0.7027777777777777,7609.222222222223
612,LP002984,Male,Yes,2.0,Graduate,No,7583,0.0,187.0,360.0,1.0,Urban,1,5.231108616854587,7583.0,8.933664178700935,0.5194444444444445,7063.555555555556
613,LP002990,Female,No,0.0,Graduate,Yes,4583,0.0,133.0,360.0,0.0,Semiurban,0,4.890349128221754,4583.0,8.430109084509125,0.36944444444444446,4213.555555555556
